city,latitude,longitude,restaurant_count
Alveringem,50.93868479,2.642272805,0
Alveringem,50.94032573,2.674055433,0
Alveringem,50.96769601,2.704963435,0
Alveringem,50.9754827,2.674575535,0
Alveringem,50.97943627,2.692900181,0
Alveringem,50.9842972,2.621344434,0
Alveringem,50.99349726,2.654966373,0
Alveringem,50.99451768,2.655230406,0
Alveringem,51.01213491,2.710578468,0
Alveringem,51.02412474,2.704691432,0
Jodoigne,50.76556372,4.906750673,0
Sint-Eloois-Vijve,50.90600034,3.404005889,0
Lo,50.97977362,2.749609819,1
Lo,50.98095042,2.748760387,1
Noordschote,50.95523768,2.810721296,1
Oostvleteren,50.93378466,2.741782542,1
Pollinkhove,50.97081615,2.73317423,1
Poperinge,50.91513915,2.688864844,1
Proven,50.8909733,2.656854036,1
Reninge,50.94766203,2.789880391,1
Roesbrugge-Haringe,50.90628655,2.618429132,1
Roesbrugge-Haringe,50.92000611,2.624774297,1
Waterland-Oudeman,51.28751257,3.589063051,1
Watervliet,51.27591406,3.627886796,1
Watou,50.85909155,2.664685142,1
Watou,50.85920268,2.620178609,1
Westvleteren,50.89617663,2.721361756,1
Westvleteren,50.92747599,2.71755785,1
Woesten,50.90063531,2.79044957,1
Dranouter,50.76635165,2.783481455,2
Houthulst,50.96883043,2.912497654,2
Kaprijke,51.24575096,3.601186599,2
Klerken,50.99651373,2.907084011,2
Klerken,50.99735858,2.904056909,2
Loker,50.78024883,2.776737276,2
Loker,50.78229027,2.772331816,2
Merkem,50.94350309,2.860738282,2
Merkem,50.95187987,2.852204991,2
Merkem,50.95491159,2.849630428,2
Middelburg,51.25599933,3.415894183,2
Sint-Jan-in-Eremo,51.26819762,3.58068714,2
Sint-Margriete,51.28232923,3.54615128,2
Heuvelland,50.74581163,2.826595381,3
Houthulst,50.9759702,2.928570317,3
Houthulst,50.97809438,2.951606085,3
Meerle,51.47432691,4.804243986,3
Meerle,51.49182763,4.76592187,3
Meerle,51.49638536,4.77608303,3
Sint-Kornelis-Horebeke,50.83511172,3.697449746,3
Sint-Maria-Horebeke,50.83771365,3.687679109,3
Teuven,50.75160949,5.874884043,3
Bekkevoort,50.91098869,4.951346328,4
Bekkevoort,50.91971945,4.941875267,4
Bekkevoort,50.92373116,4.967465361,4
Heuvelland,50.80007925,2.799405378,4
Meensel-Kiezegem,50.89555248,4.924361465,4
Meensel-Kiezegem,50.89832546,4.900780494,4
Mesen,50.76407732,2.899200394,4
Remersdaal,50.73117828,5.880955598,4
Teuven,50.75255561,5.849206619,4
Westouter,50.79755509,2.746551236,4
Avelgem,50.7477335,3.408196394,5
Beerst,51.05838769,2.886648359,5
Bellem,51.08792214,3.491082041,5
Diksmuide,50.99939188,2.800504956,5
Diksmuide,51.01313337,2.808708829,5
Diksmuide,51.01585821,2.833925102,5
Diksmuide,51.02964009,2.903013928,5
Diksmuide,51.03024463,2.884479063,5
Diksmuide,51.03165609,2.86451721,5
Diksmuide,51.03280856,2.768779176,5
Diksmuide,51.03401733,2.864707562,5
Diksmuide,51.03492573,2.864370379,5
Diksmuide,51.03594275,2.86319894,5
Diksmuide,51.03596612,2.838105593,5
Diksmuide,51.04644649,2.796005334,5
Diksmuide,51.04885731,2.912976107,5
Diksmuide,51.07350133,2.79536483,5
Diksmuide,51.0771456,2.825012912,5
Keiem,51.08089532,2.881884867,5
Kortenaken,50.88653179,4.994560624,5
Kortenaken,50.89558326,5.012194405,5
Leke,51.10086467,2.891380124,5
Maarkedal,50.77254936,3.677001192,5
Sint-Maria-Horebeke,50.80660784,3.67942669,5
Vladslo,51.04646793,2.915795355,5
Waanrode,50.91645995,5.004291699,5
Woumen,50.99647678,2.869706899,5
Woumen,51.00130433,2.870681643,5
Wulvergem,50.75980762,2.85446648,5
Zwalm,50.88598484,3.685536349,5
Boekhoute,51.25769912,3.717790937,6
Ichtegem,51.0922277,3.009280488,6
Ichtegem,51.10247895,3.034283144,6
Ichtegem,51.12994746,3.026794601,6
Ichtegem,51.15991335,3.045990342,6
Kapellen,50.88721628,4.957217883,6
Minderhout,51.41745351,4.762637041,6
Poppel,51.44597584,5.038920218,6
Sint-Pieters-Voeren,50.73746324,5.82339545,6
Avekapelle,51.06566548,2.733701316,7
Baarle,51.44246038,4.930980776,7
Bovekerke,51.05419321,2.963144868,7
Kemmel,50.78383886,2.826284652,7
Koekelare,51.08532917,2.942839339,7
Koekelare,51.09035403,2.979249121,7
Maarkedal,50.79724845,3.59520242,7
Meer,51.44288647,4.736652953,7
Moen,50.76833102,3.397871723,7
Outrijve,50.75524542,3.430056111,7
Sint-Joris-Weert,50.80341856,4.652954124,7
Veurne,51.0122445,2.605973611,7
Veurne,51.01548092,2.656052017,7
Veurne,51.01625149,2.662299865,7
Veurne,51.04338863,2.65101394,7
Veurne,51.05018647,2.722086484,7
Veurne,51.05798383,2.68911285,7
Veurne,51.06918393,2.666076887,7
Veurne,51.07226602,2.663573427,7
Veurne,51.072824,2.661363689,7
Veurne,51.07325728,2.661678428,7
Veurne,51.07350541,2.65904343,7
Veurne,51.07591353,2.676212622,7
Veurne,51.08768148,2.744251861,7
Werken,51.02847032,2.96289879,7
Zande,51.11995673,2.921738468,7
Zondereigen,51.4070328,4.89370668,7
0,50.77332346,3.485867212,8
0,50.77640767,3.523982493,8
0,50.78915068,3.570604852,8
0,50.79082497,3.508661485,8
Aartrijke,51.11274523,3.091891551,8
Aartrijke,51.1194479,3.090233432,8
Adinkerke,51.07538158,2.602912139,8
Attenrode,50.85802101,4.923326502,8
Attenrode,50.86482216,4.930253721,8
Attenrode,50.87736773,4.923297635,8
Boezinge,50.89574853,2.85585287,8
Boutersem,50.84247052,4.851791667,8
Boutersem,50.84889467,4.850975568,8
De Panne,51.09321966,2.590281234,8
De Panne,51.09899905,2.582576844,8
De Panne,51.10127048,2.591423673,8
Elverdinge,50.88458245,2.816342722,8
Handzame,51.05365717,3.016564824,8
Helkijn,50.72967387,3.383580674,8
Herten,50.8329324,5.333127213,8
Hoegaarden,50.76612073,4.919626477,8
Hoeleden,50.8476813,4.996702876,8
Hoeleden,50.84826893,4.99672646,8
Hoeleden,50.86841432,4.985807037,8
Kerkom,50.85381225,4.870839119,8
L'Ã‰cluse,50.77141259,4.832226471,8
Lembeke,51.18139259,3.641260817,8
Lembeke,51.19420338,3.63061325,8
Lembeke,51.19470879,3.632411351,8
Maasmechelen,50.92415294,5.725586464,8
Maasmechelen,50.94121668,5.719979494,8
Maasmechelen,50.94752771,5.742158519,8
Maldegem,51.1811897,3.451989274,8
Maldegem,51.20950895,3.447290379,8
Maldegem,51.21514686,3.38232296,8
Mannekensvere,51.1255939,2.817757671,8
Neervelp,50.82025761,4.810681904,8
Roosbeek,50.83346337,4.862606293,8
Schore,51.1113373,2.83945915,8
Sint-Denijs,50.75132974,3.368965775,8
Sint-Laureins,51.24128474,3.526024738,8
Sint-Pieters-Kapelle,51.12669486,2.875432947,8
Slijpe,51.15528457,2.847760769,8
Spiere,50.71796383,3.35560597,8
Vertrijk,50.83050126,4.835501304,8
Vertrijk,50.83880716,4.83206409,8
Wijtschate,50.78643096,2.882163498,8
Willebringen,50.81141034,4.840472124,8
Ypres,50.9133815,2.828274349,8
Aalter,51.08214783,3.449878986,9
Aalter,51.08352024,3.448186152,9
Aalter,51.09872413,3.37177622,9
Aalter,51.10867244,3.431764546,9
Arendonk,51.30597685,5.100530101,9
Arendonk,51.32004332,5.085885275,9
Arendonk,51.33720152,5.100078879,9
Arendonk,51.35500732,5.059946896,9
Avelgem,50.77500257,3.447935956,9
Bassevelde,51.2300832,3.676173283,9
Bassevelde,51.252849,3.650055864,9
De Vrij,51.33745024,5.099745249,9
Handzame,51.02573116,3.002505428,9
Heestert,50.78167765,3.411708975,9
Kaster,50.81432404,3.496489414,9
Knesselare,51.13937238,3.412773539,9
Koolskamp,51.00226557,3.209364701,9
Kortemark,51.02810739,3.043671991,9
Kortemark,51.02904676,3.038696158,9
Kortemark,51.03093446,3.042349853,9
Lichtervelde,51.02609236,3.139017393,9
Lichtervelde,51.02749006,3.14166121,9
Lotenhulle,51.0496835,3.459741163,9
Maldegem,51.20300312,3.485723751,9
Oosteeklo,51.19259549,3.688128815,9
Poeke,51.04155548,3.44422067,9
Poperinge,50.85260732,2.721950695,9
Poperinge,50.85509956,2.726209856,9
Poperinge,50.85526723,2.731010569,9
Poperinge,50.85597084,2.725073193,9
Poperinge,50.86557757,2.716737651,9
Poperinge,50.87335355,2.695707022,9
Poperinge,50.8820526,2.695729186,9
Reninghelst,50.8170215,2.764253581,9
Ronsele,51.13058457,3.552260554,9
Schalkhoven,50.84088538,5.450630355,9
Tiegem,50.80840955,3.475782833,9
Tiegem,50.81553971,3.467220721,9
Ursel,51.13026661,3.485639495,9
Weelde,51.39694726,4.938202438,9
Weelde,51.40827602,4.994658152,9
Weelde,51.41220511,5.015356053,9
Wortel,51.39838672,4.793835289,9
Zarren,51.01870157,2.957997034,9
Bikschote,50.92621463,2.864819381,10
Doomkerke,51.0704267,3.356950348,10
Glabbeek,50.87293652,4.949013457,10
Glabbeek,50.87353887,4.972623607,10
Kortessem,50.81386639,5.406209732,10
Kortessem,50.84045128,5.42950473,10
Kortessem,50.85086356,5.419305624,10
Kruisem,50.8895708,3.57562405,10
Kruisem,50.89009092,3.551161274,10
Kruiskerke,51.06707594,3.387510589,10
Langemark,50.89023319,2.937619448,10
Langemark,50.91348461,2.919255548,10
Langemark,50.93561665,2.929045059,10
Maarkedal,50.77089731,3.644174204,10
Maarkedal,50.79709092,3.648836772,10
Maarkedal,50.81277086,3.627022818,10
Maarkedal,50.81618543,3.653857632,10
Maarkedal,50.82276658,3.654648846,10
Oostnieuwkerke,50.9405483,3.059790405,10
Oostwinkel,51.15113052,3.526051194,10
Otegem,50.80811432,3.423354402,10
Ruiselede,51.04139291,3.397780021,10
Staden,50.95030545,2.979355389,10
Staden,50.97489382,3.014822964,10
Vlissegem,51.25489367,3.055741987,10
Westende,51.15943778,2.768118792,10
Westende,51.16896457,2.77587188,10
Westende-Bad,51.16890057,2.776558367,10
Westrozebeke,50.93136237,3.012513444,10
Wilskerke,51.18147895,2.839875425,10
Wingene,51.05815127,3.27867518,10
Wingene,51.06168923,3.318055867,10
Wingene,51.08699016,3.306742537,10
Assenede,51.2278015,3.753277909,11
Assenede,51.22795517,3.750777104,11
Binkom,50.87107594,4.883672998,11
Binkom,50.87767634,4.892704868,11
Bunsbeek,50.84323516,4.944937996,11
Herstappe,50.72701019,5.427236832,11
Hoogstraten,51.40089793,4.761966596,11
Hoogstraten,51.40351708,4.763344179,11
Huise,50.89916225,3.590439454,11
Kerkhove,50.78960061,3.487591099,11
Kerkhove,50.7983971,3.501302969,11
Kessenich,51.15059471,5.825200298,11
Kinrooi,51.14462991,5.7403581,11
Kortenaken,50.90966238,5.05733081,11
Kortessem,50.83842893,5.401124685,11
Kortessem,50.86402093,5.424231232,11
Kruisem,50.90393314,3.654072537,11
Lombardsijde,51.14928908,2.757663278,11
Molenbeersel,51.16813948,5.738106236,11
Molenbeersel,51.16987725,5.737969325,11
Molenbeersel,51.17862507,5.737226157,11
Nokere,50.88526606,3.511370602,11
Ophoven,51.12608932,5.802666061,11
Ophoven,51.13194659,5.810715534,11
Ophoven,51.13269343,5.809407579,11
Ouwegem,50.91224381,3.596700588,11
Poelkapelle,50.91823022,2.958209545,11
Ransberg,50.87533986,5.040092286,11
Ronse,50.73967606,3.619288289,11
Ronse,50.74511461,3.605926203,11
Ronse,50.7451814,3.603116095,11
Ronse,50.74805,3.566096179,11
Ronse,50.74897882,3.599795845,11
Ronse,50.75181968,3.63274419,11
Ronse,50.75192964,3.629287673,11
Ronse,50.75195475,3.629655031,11
Ronse,50.75262906,3.598316367,11
Ronse,50.75640145,3.654083455,11
Ronse,50.75691643,3.576422157,11
Sint-Martens-Lierde,50.80416507,3.822426201,11
Torhout,51.08367837,3.128511788,11
Ulbeek,50.84243911,5.306346079,11
Waasmont,50.7294188,5.063723034,11
Walsbets,50.7369526,5.085134037,11
Walshoutem,50.72187773,5.08745485,11
Wezeren,50.72894678,5.104695291,11
Wijnendale,51.08542773,3.096870819,11
Wijnendale,51.09224638,3.066758297,11
Zwevezele,51.03624795,3.21102444,11
Zwevezele,51.04841813,3.227988764,11
Aarsele,50.99727413,3.422692434,12
Brakel,50.80018468,3.77667836,12
Brakel,50.80085512,3.762754719,12
Brakel,50.80374001,3.764783153,12
Dadizele,50.84985911,3.094811622,12
Dadizele,50.85125876,3.094974196,12
Elst,50.83027321,3.739590603,12
Essen,51.46805754,4.469140553,12
Everbeek,50.76342403,3.808805401,12
Everbeek,50.77447094,3.776110294,12
Geetbets,50.88133524,5.076241587,12
Geetbets,50.88996229,5.116062836,12
Goede Herder,51.05702153,3.115881729,12
Goede Herder,51.06558892,3.101649863,12
Goede Herder,51.06845988,3.104968544,12
Goede Herder,51.06850367,3.102844372,12
Goede Herder,51.06914126,3.101468392,12
Grazen,50.87272572,5.126304618,12
Heikant,51.46192382,4.455229008,12
Hemelveerdegem,50.80760983,3.857056131,12
Hoegaarden,50.7735625,4.888328306,12
Hoegaarden,50.780998,4.915315136,12
Hoegaarden,50.78733353,4.874062493,12
Hoek,51.43935093,4.433128656,12
Hoek,51.44550448,4.409901815,12
Hollebeke,50.80554587,2.936411777,12
Horendonk,51.46943641,4.503400111,12
Houwaart,50.93469329,4.860685557,12
Kanegem,51.0131138,3.402544641,12
Lievegem,51.1183853,3.560364513,12
Lievegem,51.13219169,3.602219035,12
Meldert,50.78826492,4.838235023,12
Michelbeke,50.83308036,3.764346952,12
Moorslede,50.86723758,3.088419183,12
Moorslede,50.89158111,3.061797581,12
Moorslede,50.89243462,3.066711553,12
Nieuwpoort,51.10934119,2.763020992,12
Nieuwpoort,51.12801497,2.747530764,12
Nieuwpoort,51.12885992,2.7509411,12
Nieuwpoort,51.13041053,2.778658349,12
Nieuwpoort,51.14576261,2.710883472,12
Nieuwpoort,51.15497167,2.7415184,12
Opbrakel,50.7928702,3.747866679,12
Parike,50.78483447,3.797911856,12
Rummen,50.89180789,5.163224167,12
Runkelen,50.8467381,5.154022297,12
Schuiferskapelle,51.03267106,3.333607784,12
Sint-Joris-Winge,50.9081884,4.876457151,12
Sint-Maria-Lierde,50.82110523,3.847216125,12
Tielt,50.92975786,4.907021403,12
Tielt,50.94091607,4.902532777,12
Torhout,51.02709425,3.095264397,12
Torhout,51.06726836,3.083944905,12
Torhout,51.07090752,3.139941327,12
Veldegem,51.10490598,3.160109716,12
Velm,50.77902811,5.133545597,12
Vlamertinge,50.85502153,2.790111407,12
Vlamertinge,50.85502752,2.82143821,12
Voormezele,50.81694634,2.876192433,12
Wezemaal,50.94756473,4.756138376,12
Wilderen,50.81878565,5.143071942,12
Wildert,51.42723367,4.470742013,12
Zedelgem,51.12647539,3.157519329,12
Zedelgem,51.14320654,3.135970574,12
Zedelgem,51.1441443,3.160574989,12
Zedelgem,51.15515665,3.195589574,12
Zedelgem,51.16076469,3.176717435,12
Zegelsem,50.82028631,3.717302648,12
Zegelsem,50.82049336,3.717670392,12
's-Gravenvoeren,50.75826244,5.762075132,13
's-Gravenvoeren,50.75926702,5.758317222,13
0,50.82401548,3.537165767,13
0,50.85245288,3.509920188,13
Attenhoven,50.76774052,5.090378842,13
Averbode,51.02811224,4.984141905,13
Averbode,51.0330495,4.980192615,13
Bekkevoort,50.94402168,4.973819908,13
Berlingen,50.81764501,5.310779371,13
Egem,51.01509161,3.259919917,13
Enghien,50.7006883,4.038304464,13
Gits,50.99527269,3.095413106,13
Gits,50.99682921,3.096262549,13
Herfelingen,50.74810609,4.096616765,13
Herne,50.7086686,4.068706985,13
Herne,50.7252051,4.02943467,13
Hoegaarden,50.80190956,4.874611091,13
Hooglede,50.96194087,3.052457544,13
Hooglede,50.97828318,3.082062058,13
Hooglede,50.98233582,3.068252829,13
Kaprijke,51.21797802,3.61659178,13
Koksijde,51.10058661,2.70041196,13
Koksijde,51.10298216,2.65417339,13
Koksijde,51.10760646,2.613801228,13
Koksijde,51.10992304,2.615914076,13
Koksijde,51.11300329,2.623743368,13
Koksijde,51.11342277,2.633854926,13
Kruisem,50.90449446,3.528973673,13
Kruisem,50.93361425,3.540878891,13
Lozer,50.92014841,3.567038779,13
Neerlanden,50.77790529,5.080251318,13
Oostduinkerke,51.12016896,2.677990464,13
Oostduinkerke,51.12031325,2.678711764,13
Oostduinkerke,51.13064682,2.67325002,13
Oostduinkerke,51.13128059,2.670132838,13
Pittem,50.97428515,3.272724034,13
Pittem,50.99461083,3.267245954,13
Pittem,50.99658549,3.254785198,13
Sint-Martens-Voeren,50.74940326,5.812548051,13
Sint-Pieters-Kapelle,50.70755564,3.989996621,13
Tielt,50.98918345,3.32806146,13
Tielt,50.99426815,3.326525796,13
Tielt,50.99885287,3.325871644,13
Tielt,51.00034318,3.325408091,13
Zichem,51.02483128,5.013343138,13
Zillebeke,50.83551646,2.922712089,13
Zwalm,50.85152337,3.719875212,13
0,50.8133699,5.018505114,14
0,50.82233076,5.059011491,14
0,50.83324726,3.556837401,14
0,50.83542916,3.556321274,14
0,50.83942129,5.019764472,14
0,50.8442232,5.046392942,14
0,50.87083426,3.551722537,14
Achel,51.25465733,5.47916614,14
Achel,51.2603679,5.463588945,14
Achel,51.27466273,5.474677463,14
Achel,51.29912415,5.48825243,14
Ardooie,50.97862879,3.197990412,14
Assent,50.95186959,5.014328159,14
Beek,51.15506219,5.603254155,14
Beerlegem,50.9055913,3.71654975,14
Berlingen,50.82764247,5.301784725,14
Bever,50.7167527,3.939493495,14
Borsbeke,50.90448384,3.893435212,14
Borsbeke,50.90486369,3.893642104,14
Bree,51.12210549,5.591387061,14
Bree,51.13203236,5.580110236,14
Bree,51.14122004,5.597796361,14
Bree,51.14240149,5.647491643,14
Doel,51.30969324,4.262946222,14
Gerdingen,51.14759168,5.58831693,14
Gorsem,50.83289142,5.164560308,14
Gussenhoven,50.79448677,5.052787117,14
Gussenhoven,50.7947018,5.039562371,14
Hamont,51.233509,5.539473059,14
Hamont,51.24146675,5.515339521,14
Hamont,51.24219334,5.535065068,14
Hamont,51.25015467,5.540099557,14
Hamont,51.25103685,5.548253359,14
Hamont,51.25174595,5.546394158,14
Hamont,51.2533564,5.527944411,14
Hamont,51.25489079,5.552776517,14
Hamont,51.26474034,5.549485616,14
Hundelgem,50.88711473,3.7559018,14
Ieper,50.83719202,2.855472782,14
Jabbeke,51.18258869,3.093602169,14
Kieldrecht,51.2888312,4.176278695,14
Kieldrecht,51.32655935,4.214668074,14
Leefdaal,50.84794178,4.590957511,14
Leefdaal,50.8557961,4.611564236,14
Meilegem,50.90514648,3.69834173,14
Meulebeke,50.96207029,3.242251353,14
Opitter,51.11481697,5.658867482,14
Opitter,51.11760895,5.646249928,14
Opitter,51.12094873,5.638042916,14
Orsmaal,50.80410446,5.062652877,14
Rijkevorsel,51.34965237,4.76081215,14
Sint-Denijs-Boekel,50.86568785,3.711839804,14
Sint-Jozef / De Geite,51.00082339,3.034918205,14
Sint-Jozef-Rijkevorsel,51.32904958,4.782548856,14
Sint-Lievens-Houtem,50.92546758,3.883649142,14
Sint-Lievens-Houtem,50.92695138,3.880564122,14
Sint-Maria-Latem,50.89019415,3.706485898,14
Snellegem,51.16929065,3.122604832,14
Stalhille,51.21445755,3.071248434,14
Tielt,50.99655136,3.316657014,14
Tielt,51.00167202,3.313319313,14
Tongerlo,51.12671693,5.659986749,14
Verrebroek,51.25475469,4.183634965,14
Verrebroek,51.25510981,4.187959537,14
Wellen,50.83616294,5.358346195,14
Wellen,50.84063532,5.337973325,14
Wellen,50.84104806,5.337760561,14
Zerkegem,51.16607761,3.070218308,14
Zichem,50.98564857,4.955402459,14
Zichem,51.00142971,4.984755787,14
Zwalm,50.86416225,3.753042145,14
Zwalm,50.86627166,3.753290537,14
Zwalm,50.87905091,3.733130684,14
Zwalm,50.88015356,3.734645176,14
Bever,50.72079295,3.908144995,15
Bocholt,51.17249045,5.578802302,15
Bocholt,51.18458459,5.572768326,15
Bocholt,51.18862799,5.588937003,15
Bocholt,51.20337531,5.560595648,15
Bocholt,51.20483577,5.578802067,15
Deftinge,50.78555123,3.841973892,15
Deinze,51.03338208,3.54905844,15
Deinze,51.03400618,3.5427745,15
Dikkebus,50.81968104,2.832802265,15
Dikkele,50.90547523,3.73989143,15
Galmaarden,50.73871776,3.966194702,15
Galmaarden,50.75249287,3.970956731,15
Galmaarden,50.75594437,3.943229557,15
Galmaarden,50.76049011,3.992697048,15
Hansbeke,51.07474752,3.534979796,15
Kaggevinne,50.97915168,5.019301818,15
Kaulille,51.18228641,5.526639521,15
Kaulille,51.18828685,5.518088671,15
Lanaken,50.92232458,5.694304922,15
Lanaken,50.92399123,5.700153601,15
Lanaken,50.92413361,5.704037243,15
Landegem,51.05701125,3.572962371,15
Merendree,51.07816437,3.577004515,15
Messelbroek,50.99607061,4.937619698,15
Moelingen,50.7567593,5.71043484,15
Neeroeteren,51.08842984,5.705489327,15
Neeroeteren,51.08856172,5.686076796,15
Neeroeteren,51.107643,5.695755737,15
Neeroeteren,51.11004655,5.69424192,15
Niel-bij-As,51.01559555,5.600883768,15
Niel-bij-As,51.01568955,5.600060087,15
Opoeteren,51.04305431,5.624232648,15
Opoeteren,51.04356776,5.625053993,15
Opoeteren,51.06907194,5.654815512,15
Paulatem,50.8964324,3.715408307,15
Poesele,51.03392574,3.51667421,15
Pulderbos,51.21778275,4.692430951,15
Reppel,51.15493357,5.561430364,15
Sint-Denijs-Boekel,50.8617823,3.722784759,15
Testelt,51.00860614,4.952003576,15
Testelt,51.02094128,4.949868706,15
Tollembeek,50.73025885,3.967900792,15
Tollembeek,50.74080922,4.006529664,15
Vollezele,50.76042889,4.024099668,15
Vosselare,51.02624076,3.555418052,15
Ypres,50.84372657,2.870516219,15
Ypres,50.84703925,2.889702279,15
Ypres,50.84993653,2.88016395,15
Ypres,50.8502236,2.890477041,15
Ypres,50.85038909,2.881062782,15
Ypres,50.85187652,2.885049362,15
Ypres,50.85217585,2.883001244,15
Ypres,50.85513811,2.890083919,15
Ypres,50.85790325,2.882422244,15
Ypres,50.86480512,2.903497389,15
Ypres,50.86811743,2.848752679,15
Zwalm,50.84957276,3.75240639,15
0,50.85033671,3.56228787,16
Asper,50.91308652,3.652426115,16
Booienhoven,50.8224467,5.127417328,16
De Haan,51.27147396,3.035784612,16
Dormaal,50.80977905,5.102236406,16
Eeklo,51.18350697,3.566153432,16
Eeklo,51.18498729,3.566606771,16
Eeklo,51.1933405,3.537672822,16
Eeklo,51.20467118,3.517414803,16
Ezemaal,50.77675012,4.999686252,16
Gavere,50.92891882,3.66258841,16
Geluveld,50.8348237,2.994038429,16
Geluwe,50.81033933,3.076951323,16
Goetsenhoven,50.76674317,4.950954125,16
Goetsenhoven,50.76811959,4.952708428,16
Gooik,50.79509179,4.118073823,16
Grotenberge,50.87253851,3.833261261,16
Hakendover,50.79439842,4.981548224,16
Halen,50.96083689,5.090586169,16
Halle,50.80705955,5.107134177,16
Jabbeke,51.20223056,3.148526778,16
Kester,50.76379442,4.120262996,16
Laar,50.77104726,5.025608728,16
Landen,50.74561779,5.077339083,16
Landen,50.75440345,5.078405221,16
Landen,50.75585393,5.080791942,16
Landen,50.78398134,5.010038553,16
Leerbeek,50.77558536,4.119184803,16
Leeuwergem,50.88810848,3.829809087,16
Molenstede,51.00354006,5.014835718,16
Neerwinden,50.76576629,5.037442965,16
Nieuwrode,50.95080519,4.835464879,16
Oetingen,50.76922341,4.042757035,16
Oetingen,50.77300816,4.063802475,16
Oetingen,50.77377507,4.062490657,16
Oplinter,50.82938695,4.990214486,16
Overwinden,50.75320314,5.0492328,16
Ressegem,50.89090194,3.911287247,16
Retie,51.25796507,5.099598378,16
Retie,51.26142209,5.044554832,16
Retie,51.26412906,5.076243265,16
Retie,51.26734664,5.084976873,16
Retie,51.28953162,5.053141814,16
Rillaar,50.97436031,4.893720654,16
Rumsdorp,50.76736377,5.075628435,16
Scherpenheuvel,50.96496532,4.947036949,16
Scherpenheuvel,50.98032377,4.978252234,16
Scherpenheuvel,50.98120502,4.979685086,16
Vaalbeek,50.82678459,4.688690873,16
Vaalbeek,50.83302935,4.693295865,16
Varsenare,51.18913349,3.142898606,16
Varsenare,51.20175552,3.150453225,16
Velzeke-Ruddershove,50.88301354,3.783302075,16
Vurste,50.94562038,3.684471812,16
Wange,50.78506493,5.030638305,16
Wenduine,51.29807358,3.082238696,16
Wervik,50.77717273,3.041551233,16
Wervik,50.77988361,3.0457013,16
Wervik,50.78425723,3.036692124,16
Wervik,50.81578622,3.021190442,16
Zandvoorde,50.81309739,2.980274998,16
Zelem,50.97969677,5.104185341,16
Zottegem,50.85333258,3.819612751,16
Zottegem,50.86989065,3.807858413,16
Zottegem,50.87472135,3.816987019,16
Zottegem,50.88197595,3.780941577,16
Zottegem,50.88897129,3.809493989,16
Zoutleeuw,50.82129204,5.085416897,16
Zoutleeuw,50.83327145,5.103033098,16
Zoutleeuw,50.83419699,5.101619637,16
Zoutleeuw,50.84444292,5.085250194,16
Zoutleeuw,50.84843643,5.136366227,16
Baaigem,50.93278784,3.718367629,17
Beernem,51.12739443,3.32483674,17
Beernem,51.14268284,3.341392368,17
Beselare,50.84808642,3.02528911,17
Borlo,50.74176571,5.181060574,17
Budingen,50.86429017,5.104366768,17
Buvingen,50.75243849,5.17627728,17
Dikkelvenne,50.91807567,3.69090039,17
Elene,50.88926437,3.808837534,17
Erwetegem,50.85544168,3.81436527,17
Ettelgem,51.17898528,3.028753065,17
Ettelgem,51.17906801,3.032153087,17
Gavere,50.92859287,3.662791558,17
Godveerdegem,50.85939921,3.820717974,17
Gooik,50.79236232,4.082354817,17
Gooik,50.81282827,4.080601352,17
Grotenberge,50.87253221,3.832818803,17
Halen,50.94859454,5.114573606,17
Heks,50.76978464,5.357610497,17
Klemskerke,51.24244665,3.025418506,17
Kruisstraat,51.20137756,3.938282084,17
Kumtich,50.83393319,4.883512018,17
Loksbergen,50.93481171,5.070404838,17
Maaseik,51.07684666,5.795297327,17
Maaseik,51.0864005,5.763265129,17
Maaseik,51.09504867,5.794383445,17
Maaseik,51.09535748,5.789448757,17
Maaseik,51.09774757,5.75901523,17
Maaseik,51.10108472,5.80491546,17
Maaseik,51.10196472,5.80569359,17
Maaseik,51.11302313,5.773776515,17
Mielen-Boven-Aalst,50.75552637,5.215590247,17
Moerbeke,51.17108145,3.91948174,17
Moerbeke,51.1726332,3.940432527,17
Moerbeke,51.22454038,3.97658569,17
Oedelem,51.16028996,3.390116778,17
Oedelem,51.16964484,3.339816226,17
Oudenburg,51.18438226,3.003890908,17
Passchendaele,50.90026942,3.021260509,17
Ravels,51.37156481,4.994843191,17
Ravels,51.39169296,5.016244035,17
Roksem,51.17061441,3.032729409,17
Semmerzake,50.9428823,3.66326545,17
Sint-Goriks-Oudenhove,50.85271617,3.786268893,17
Sint-Joris,51.12777587,3.371491408,17
Sint-Maria-Oudenhove,50.83143101,3.784870867,17
Sint-Maria-Oudenhove,50.83269862,3.795903492,17
Sint-Maria-Oudenhove,50.83492204,3.795660517,17
Strijpen,50.8680622,3.787604952,17
Strijpen,50.87344784,3.770705138,17
Vechmaal,50.75946973,5.364068649,17
Vechmaal,50.76116198,5.373713827,17
Vissenaken,50.83575249,4.910639818,17
Vissenaken,50.83836651,4.924024624,17
Vosseslag,51.25905317,3.003835646,17
Waarschoot,51.15187052,3.606113927,17
Waarschoot,51.15203935,3.606208598,17
Wervik,50.83854227,3.059391841,17
Westkerke,51.16473105,3.015065214,17
Zelem,50.96929672,5.09323544,17
Zelzate,51.1874226,3.809953964,17
Zelzate,51.1984365,3.794866748,17
Zelzate,51.20026653,3.812131128,17
Zonnebeke,50.87247981,2.988408424,17
Zottegem,50.86758942,3.818878094,17
Zottegem,50.86922091,3.810936385,17
Zottegem,50.87415336,3.816930895,17
0,50.84876746,3.570535645,18
Antwerp,51.30472825,4.290244795,18
Antwerp,51.34027041,4.31473053,18
Antwerp,51.35997645,4.307222548,18
Baal,50.99565636,4.753546597,18
Batsheers,50.73740978,5.281319751,18
Bellingen,50.74640643,4.154658401,18
Bost,50.78969246,4.940380267,18
Geraardsbergen,50.74274733,3.930538981,18
Geraardsbergen,50.75333431,3.91935402,18
Geraardsbergen,50.76908827,3.918408023,18
Geraardsbergen,50.77793531,3.968726321,18
Geraardsbergen,50.78219244,3.910738651,18
Geraardsbergen,50.79524306,3.951253751,18
Geraardsbergen,50.79681783,3.898858927,18
Geraardsbergen,50.81305912,3.917638018,18
Geraardsbergen,50.81683524,3.928068409,18
Geraardsbergen,50.82184836,3.895005296,18
Gingelom,50.75037151,5.135334648,18
Gutschoven,50.77092561,5.318318047,18
Heers,50.75545626,5.301850947,18
Heers,50.76304516,5.305538139,18
Horpmaal,50.75855643,5.332847842,18
Idegem,50.80070092,3.926981316,18
Klein-Gelmen,50.77083062,5.275459644,18
Kortessem,50.85861659,5.389770701,18
Kumtich,50.81852364,4.886512001,18
Mechelen-Bovelingen,50.73815657,5.255761969,18
Mechelen-Bovelingen,50.74093746,5.260371903,18
Neigem,50.80303276,4.060133524,18
Neigem,50.80930044,4.060104678,18
Oombergen,50.89890846,3.837603246,18
Oorbeek,50.7988179,4.890233532,18
Oorbeek,50.79961117,4.926345292,18
Oostrozebeke,50.94547928,3.35770379,18
Opheers,50.73698849,5.293912346,18
Pulle,51.20509829,4.714200493,18
Rukkelingen-Loon,50.72854458,5.253913448,18
Sint-Margriete-Houtem,50.82879341,4.956562614,18
Tienen,50.79871333,4.963760264,18
Tienen,50.80084842,4.953407777,18
Tienen,50.80344781,4.958605457,18
Tienen,50.80598881,4.939481616,18
Tienen,50.80769294,4.937865222,18
Tienen,50.81272747,4.928869087,18
Veerle,51.05205014,4.98111672,18
Veerle,51.0631449,4.991339772,18
Veerle,51.07026529,4.986649559,18
Werchter,50.97098074,4.693971848,18
Anzegem,50.83232884,3.478697049,19
Anzegem,50.84821817,3.446492726,19
Berbroek,50.95058936,5.208229065,19
Boekhout,50.7464617,5.233618849,19
Bommershoven,50.78546903,5.38061091,19
Bommershoven,50.79353718,5.400410003,19
Borgloon,50.78230697,5.332090884,19
Borgloon,50.80122491,5.345002004,19
Borgloon,50.80309894,5.346333562,19
Borgloon,50.8060063,5.390905827,19
Damme,51.20124517,3.322645786,19
Damme,51.20129736,3.322354918,19
Damme,51.24944461,3.282682467,19
Damme,51.2494552,3.282089818,19
Damme,51.25025302,3.281998805,19
Damme,51.27742451,3.295427604,19
Donk,50.9394326,5.134737422,19
Geraardsbergen,50.73835689,3.916912551,19
Geraardsbergen,50.73964926,3.905063355,19
Geraardsbergen,50.77140971,3.883672348,19
Geraardsbergen,50.78813962,3.989850078,19
Geraardsbergen,50.80303098,3.966698351,19
Gijzelbrechtegem,50.82819276,3.505746017,19
Gingelom,50.70403019,5.17180711,19
Gors-Opleeuw,50.82323345,5.396329008,19
Gotem,50.80457748,5.310616318,19
Groot-Loon,50.79376726,5.361965496,19
Hendrieken,50.79850406,5.329529802,19
Hendrieken,50.79868221,5.329341395,19
Herk-de-Stad,50.90698306,5.202152257,19
Herk-de-Stad,50.94063335,5.166837477,19
Herk-de-Stad,50.9412731,5.16303843,19
Hoeke,51.29256008,3.330843297,19
Hoepertingen,50.81168688,5.28482736,19
Ingooigem,50.81732801,3.434864628,19
Jeuk,50.73198759,5.191314027,19
Jeuk,50.73418059,5.209247381,19
Kerniel,50.81438114,5.357528746,19
Kerniel,50.81638169,5.362909438,19
Kortijs,50.70730128,5.150817619,19
Kuttekoven,50.80791217,5.331420546,19
Langdorp,51.00900283,4.870291743,19
Langdorp,51.02901196,4.91605016,19
Lapscheure,51.27815465,3.356838113,19
Ledegem,50.8528784,3.126197268,19
Ledegem,50.85496128,3.126733459,19
Ledegem,50.87634756,3.179616121,19
Mettekoven,50.78103677,5.289412181,19
Moerkerke,51.24584383,3.339628006,19
Moerkerke,51.25276478,3.383108102,19
Montenaken,50.72131482,5.128646442,19
Nederboelare,50.77588475,3.869851649,19
Nederboelare,50.77590555,3.869520591,19
Niel-bij-Sint-Truiden,50.74146558,5.139581686,19
Oorbeek,50.79102552,4.913662616,19
Oostrozebeke,50.92048149,3.335095639,19
Overslag,51.20074807,3.889127385,19
Rijkel,50.80404788,5.262219938,19
Rollegem-Kapelle,50.86823301,3.145389817,19
Schulen,50.95618719,5.176526603,19
Vichte,50.83572088,3.402965645,19
Vichte,50.83861974,3.403529294,19
Vichte,50.83897373,3.403922709,19
Wachtebeke,51.16825855,3.857564395,19
Aarschot,50.97749691,4.818872759,20
Aarschot,50.98512213,4.832367694,20
Aarschot,50.98780327,4.839252401,20
Aarschot,50.99218362,4.84107205,20
Aarschot,50.99238647,4.841299811,20
Aarschot,51.00564349,4.836446972,20
Aspelare,50.84181243,3.957349682,20
Binderveld,50.8605447,5.164923439,20
Damme,51.23129777,3.307952119,20
Denderhoutem,50.86483155,3.979928891,20
Dentergem,50.96412259,3.419820867,20
Dentergem,50.96692733,3.416422541,20
Dessel,51.24008516,5.11320637,20
Dessel,51.24070113,5.146726547,20
Gelrode,50.96569534,4.802883845,20
Geraardsbergen,50.75982052,3.881802504,20
Geraardsbergen,50.76214873,3.828678294,20
Geraardsbergen,50.76234709,3.864085795,20
Geraardsbergen,50.76513138,3.839208541,20
Geraardsbergen,50.76851247,3.857730761,20
Geraardsbergen,50.77164113,3.877917455,20
Geraardsbergen,50.77237609,3.890248172,20
Geraardsbergen,50.77263428,3.876918846,20
Grote-Brogel,51.1210843,5.493715479,20
Grote-Brogel,51.13936871,5.511783387,20
Grote-Brogel,51.1526522,5.507096839,20
Grote-Brogel,51.15322785,5.505413887,20
Hoeselt,50.82765279,5.492203474,20
Hoeselt,50.84042663,5.490222293,20
Hoeselt,50.85039973,5.486754874,20
Houtave,51.23624799,3.110834854,20
Kleine-Brogel,51.17232926,5.449803533,20
Kortrijk,50.7786417,3.22986063,20
Kozen,50.87469669,5.239472105,20
Langdorp,50.99324763,4.870503691,20
Markegem,50.94606207,3.40315558,20
Meetkerke,51.23538991,3.151689437,20
Nieuwerkerken,50.86452513,5.193999529,20
Nieuwmunster,51.27400325,3.098838489,20
Olmen,51.14206828,5.149105875,20
Oostmalle,51.3012778,4.732973311,20
Oostmalle,51.30148478,4.733047927,20
Paal,51.03938461,5.173278431,20
Paal,51.06154896,5.198013748,20
Peer,51.08539721,5.466827862,20
Peer,51.09697722,5.44668694,20
Peer,51.10683462,5.463303961,20
Peer,51.12300705,5.482176052,20
Peer,51.13280943,5.451155339,20
Peer,51.13594761,5.446035768,20
Peer,51.14983965,5.473838677,20
Romershoven,50.85786397,5.459561079,20
Sint-Huibrechts-Hern,50.82730688,5.45145717,20
Vorselaar,51.20187822,4.771984913,20
Vorselaar,51.20256133,4.771235666,20
Wakken,50.92994915,3.398151116,20
Wakken,50.93362619,3.397104786,20
Werm,50.83317879,5.480241246,20
Westmalle,51.28454497,4.656134478,20
Westmalle,51.28663357,4.665859044,20
Westmalle,51.30138042,4.691564384,20
Wijchmaal,51.13409052,5.428296061,20
Wijchmaal,51.13627394,5.414149881,20
Wijer,50.89805927,5.224176952,20
Zuienkerke,51.26550995,3.156425417,20
Zwaneven,51.30939751,5.002268404,20
Dentergem,50.93427551,3.432566553,21
Deurle,51.00626974,3.60427008,21
Eksel,51.15387543,5.395356283,21
Eksel,51.16142892,5.417641301,21
Elingen,50.77964116,4.17099309,21
Hoeselt,50.85035192,5.488306498,21
Hoeselt,50.86939334,5.482583965,21
Machelen,50.9517973,3.497048338,21
Machelen,50.95982715,3.484345756,21
Meerbeek,50.88251033,4.585725673,21
Mullem,50.89639081,3.603274171,21
Olsene,50.93554728,3.465861835,21
Rotselaar,50.94257067,4.739330732,21
Rotselaar,50.95146105,4.709387965,21
Rotselaar,50.96461015,4.740031658,21
Aalst,50.78162886,5.21336998,22
Beert,50.73895138,4.179262815,22
Bevere,50.85178537,3.594941526,22
Borchtlombeek,50.84870957,4.136783624,22
Brustem,50.80004428,5.220135942,22
Brustem,50.80223369,5.219092601,22
Edelare,50.83042535,3.629967097,22
Edelare,50.83428643,3.622635085,22
Eine,50.86816102,3.622068431,22
Ename,50.85479992,3.631988005,22
Everberg,50.87841145,4.570314464,22
Halmaal,50.80373181,5.154198476,22
Heppen,51.10897013,5.228663959,22
Heurne,50.88290869,3.628097438,22
Kerkom-bij-Sint-Truiden,50.77357876,5.181269526,22
Lauw,50.7401861,5.415041609,22
Ledeberg,50.84808526,4.102615753,22
Leupegem,50.83321265,3.604351806,22
Loenhout,51.39870407,4.643887216,22
Mal,50.7682024,5.521753515,22
Mater,50.84264754,3.663004933,22
Mater,50.84319412,3.662861617,22
Melden,50.81595171,3.565277166,22
Merksplas,51.35546372,4.82525996,22
Merksplas,51.3588552,4.864258413,22
Merksplas,51.38341977,4.899594064,22
Meulebeke,50.96341947,3.328737646,22
Nederename,50.86672209,3.63338423,22
Neerrepen,50.81241818,5.44482555,22
Oosthoven,51.33645796,4.973603481,22
Ordingen,50.81127608,5.234778069,22
Oud-Turnhout,51.32236973,4.985188463,22
Oudenaarde,50.84054297,3.607592246,22
Oudenaarde,50.84256306,3.603146133,22
Oudenaarde,50.85220805,3.611446297,22
Outer,50.84151705,3.99984838,22
Rutten,50.74503117,5.444678065,22
Sint-Truiden,50.79820143,5.176430328,22
Sint-Truiden,50.80880534,5.181978578,22
Sint-Truiden,50.81183949,5.177100318,22
Sint-Truiden,50.81329804,5.171590063,22
Sint-Truiden,50.81394646,5.185599321,22
Sint-Truiden,50.815591,5.187074618,22
Sint-Truiden,50.81573153,5.182315037,22
Sint-Truiden,50.81807215,5.183049324,22
Sint-Truiden,50.81848262,5.19010752,22
Sint-Truiden,50.81858507,5.183598644,22
Sint-Truiden,50.81909302,5.193460772,22
Sint-Truiden,50.82023942,5.214176262,22
Sint-Truiden,50.82129326,5.175198239,22
Sint-Truiden,50.82161868,5.193881661,22
Sint-Truiden,50.82889965,5.186964922,22
Sint-Truiden,50.82911804,5.209697432,22
Sint-Truiden,50.83113851,5.198911507,22
Sint-Truiden,50.85747107,5.239534049,22
Sluizen,50.76598738,5.530714851,22
Tongeren,50.74684933,5.45268053,22
Tongeren,50.76223208,5.50874308,22
Volkegem,50.83906711,3.644094761,22
Vreren,50.74964769,5.490128935,22
Vreren,50.75238173,5.497520934,22
Welden,50.87830281,3.656161511,22
Widooie,50.77214952,5.407671956,22
Wuustwezel,51.38866996,4.598868907,22
Wuustwezel,51.39279428,4.564707375,22
Zepperen,50.82215879,5.247430359,22
Zulte,50.92144187,3.440544127,22
Zulte,50.92241801,3.443250717,22
's Herenelderen,50.80703663,5.496972059,23
Berg,50.79037542,5.49326143,23
Berg,50.79839209,5.510957429,23
Brustem,50.78389638,5.235076485,23
Deurne,51.03850186,5.096286704,23
Diest,50.9780046,5.051831885,23
Diest,50.98374218,5.048303922,23
Diest,50.98411488,5.053686017,23
Diest,50.98491279,5.051086274,23
Diest,50.98716195,5.05451268,23
Diest,50.98730553,5.057087714,23
Diest,50.98800923,5.060825673,23
Diets-Heur,50.7456436,5.484858516,23
Dilsen,51.03760094,5.722643845,23
Elen,51.06571558,5.759357851,23
Ellikom,51.13008028,5.524211914,23
Engelmanshoven,50.77205989,5.256107073,23
Gelinden,50.76658619,5.263499081,23
Gistel,51.14939897,2.926543421,23
Gistel,51.15622805,2.970289794,23
Gistel,51.15757525,2.967786809,23
Groot-Gelmen,50.78257725,5.265401279,23
Gruitrode,51.08925102,5.587520392,23
Gruitrode,51.09262306,5.56970781,23
Heikruis,50.73510317,4.111764088,23
Heikruis,50.73543476,4.111734537,23
Henis,50.79913141,5.470487214,23
Herzele,50.84453234,3.87833751,23
Herzele,50.85587574,3.888305398,23
Herzele,50.88752472,3.890238212,23
Herzele,50.89224226,3.885852201,23
Hillegem,50.89562837,3.853723584,23
Ingelmunster,50.94112627,3.248200254,23
Koninksem,50.76615642,5.441551773,23
Leffinge,51.17543635,2.877514124,23
Lommel,51.16174702,5.264788804,23
Lommel,51.2098884,5.319096931,23
Lommel,51.21114969,5.316357319,23
Lommel,51.22203307,5.297328665,23
Lommel,51.22384768,5.262329509,23
Lommel,51.22669579,5.227471957,23
Lommel,51.22854008,5.314949713,23
Lommel,51.22907917,5.28343149,23
Lommel,51.23218141,5.337575885,23
Lommel,51.23592429,5.375344118,23
Lommel,51.24232031,5.325511522,23
Lommel,51.24568602,5.335974193,23
Lommel,51.25247633,5.385545098,23
Meeuwen,51.09647547,5.523261139,23
Meeuwen,51.09655608,5.521027935,23
Meulebeke,50.94971223,3.288245983,23
Moere,51.12198479,2.955912981,23
Neerglabbeek,51.09170963,5.61415011,23
Neerpelt,51.1981892,5.443113305,23
Neerpelt,51.20292937,5.448560674,23
Neerpelt,51.2202827,5.445515228,23
Neerpelt,51.22847143,5.432133295,23
Neerpelt,51.24711585,5.43824369,23
Overrepen,50.80812503,5.43091179,23
Piringen,50.78622326,5.419957978,23
Poederlee,51.21604619,4.865173358,23
Poederlee,51.2189195,4.832953673,23
Poederlee,51.22682854,4.835427099,23
Poederlee,51.22759217,4.836654361,23
Pollare,50.81383065,4.000482948,23
Pollare,50.81637701,3.996847247,23
Riksingen,50.80597672,5.462064035,23
Rotem,51.05238125,5.737526934,23
Rutten,50.74747675,5.44313566,23
Schaffen,50.99828834,5.066800599,23
Schaffen,51.00018558,5.082607632,23
Schaffen,51.02058093,5.117235805,23
Sint-Antelinks,50.84910336,3.924938248,23
Sint-Antonius,51.27043497,4.64244515,23
Sint-Huibrechts-Lille,51.2245445,5.494825171,23
Sint-Huibrechts-Lille,51.22586527,5.48519752,23
Sint-Lievens-Esse,50.84854007,3.858157254,23
Sint-Lievens-Esse,50.85695793,3.884764402,23
Snaaskerke,51.1746603,2.937110951,23
Steenhuize-Wijnhuize,50.83978243,3.888364843,23
Stokkem,51.02060058,5.744854395,23
Tongeren,50.76189971,5.508826327,23
Tongeren,50.76822163,5.456708944,23
Tongeren,50.77375998,5.468276235,23
Tongeren,50.77535404,5.451653492,23
Tongeren,50.77837074,5.46470484,23
Tongeren,50.77925954,5.46936941,23
Tongeren,50.78089571,5.464638719,23
Tongeren,50.78241006,5.468427324,23
Tongeren,50.78265893,5.476619256,23
Tongeren,50.7862295,5.453890633,23
Tongeren,50.78741433,5.442936504,23
Webbekom,50.97301104,5.072019881,23
Wechelderzande,51.26351002,4.786677891,23
Wijshagen,51.105508,5.561553943,23
Wimmertingen,50.88301461,5.352843927,23
Woubrechtegem,50.87259893,3.915804217,23
Wuustwezel,51.35831596,4.541202082,23
Zevekote,51.13566513,2.919804213,23
Zevekote,51.13747864,2.920477176,23
Zoersel,51.26714364,4.711898471,23
Zottegem,50.85179549,3.858579599,23
Zulte,50.91007512,3.429683417,23
Alken,50.86811178,5.275707529,24
Alken,50.87158856,5.272033624,24
Alken,50.87554835,5.307464431,24
Alken,50.89422481,5.266505255,24
Alken,50.8983837,5.276127088,24
Alken,50.89914525,5.276567977,24
Begijnendijk,51.0196123,4.782854305,24
Beringen,51.07569533,5.221102506,24
Beringen,51.08721109,5.220151876,24
Beringen,51.08963995,5.249562156,24
Beringen,51.09109421,5.266275541,24
Betekom,50.98469924,4.781270001,24
Bogaarden,50.73984994,4.1350167,24
Eindhout,51.10549713,5.003592264,24
Gierle,51.26715507,4.867617815,24
Houtvenne,51.04169729,4.808918866,24
Hulshout,51.07491602,4.791178243,24
Ingelmunster,50.92001867,3.254986154,24
Ingelmunster,50.92130515,3.248885349,24
Kappaard,50.81809264,3.354620951,24
Lanklaar,51.01457867,5.720910554,24
Lille,51.23814731,4.823691237,24
Lippelo,51.04317113,4.26286799,24
Lovendegem,51.09534593,3.606644561,24
Lovendegem,51.09746226,3.609472019,24
Massenhoven,51.19887924,4.635830728,24
Meerbeke,50.82487107,4.040548044,24
Pepingen,50.75907907,4.159783782,24
Sint-Antonius,51.26419945,4.633770102,24
Sint-Lievens-Houtem,50.92062917,3.860032382,24
Sint-Lievens-Houtem,50.94455075,3.866084777,24
Tongeren,50.79032586,5.471089358,24
Tremelo,50.98834268,4.676244565,24
Tremelo,50.99156566,4.705284133,24
Tremelo,50.99735637,4.715983809,24
Viersel,51.18729585,4.649302782,24
Vlierzele,50.93174282,3.896328881,24
Vorst,51.0767991,5.020789988,24
Westmeerbeek,51.06093467,4.835034168,24
Zonnegem,50.92689234,3.90871436,24
Zwevegem,50.79783928,3.36157202,24
Zwevegem,50.81311728,3.333357364,24
Zwevegem,50.81804734,3.354224489,24
As,50.99842308,5.564253391,25
As,51.00607352,5.583994873,25
As,51.00862602,5.585623963,25
Balegem,50.92538606,3.790213279,25
Deinze,50.96434561,3.463502981,25
Deinze,50.97589522,3.473400921,25
Deinze,50.97963516,3.444498817,25
Deinze,51.00793999,3.47989998,25
Deinze,51.00894809,3.579487421,25
Deinze,51.01344975,3.583655613,25
Deinze,51.01720096,3.54050016,25
Desselgem,50.88641943,3.350011947,25
Eke,50.9547031,3.640697466,25
Eke,50.95634405,3.642392961,25
Emelgem,50.92224047,3.231167875,25
Genoelselderen,50.80096233,5.535025792,25
Gijzenzele,50.97107212,3.815528163,25
Halle,51.23943379,4.647898399,25
Huldenberg,50.78686772,4.616690335,25
Huldenberg,50.78996447,4.583905399,25
Izegem,50.90211438,3.193909742,25
Izegem,50.91108675,3.229516289,25
Izegem,50.91695877,3.214749083,25
Izegem,50.91858383,3.210162884,25
Izegem,50.93074226,3.218776741,25
Kachtem,50.93150883,3.19179877,25
Kalken,51.03667034,3.918620083,25
Kasterlee,51.24055613,4.966406252,25
Kasterlee,51.26287689,5.023234836,25
Kasterlee,51.27467271,4.976205663,25
Keerbergen,51.00300121,4.628616673,25
Laarne,51.02972407,3.850739083,25
Landskouter,50.96812331,3.793033056,25
Lendelede,50.87194349,3.24095081,25
Leopoldsburg,51.11444266,5.263421796,25
Leopoldsburg,51.1164816,5.264200915,25
Leopoldsburg,51.11745099,5.248726957,25
Leopoldsburg,51.11931732,5.267186791,25
Leopoldsburg,51.13355377,5.256610538,25
Lichtaart,51.2240585,4.907685584,25
Lichtaart,51.2242971,4.920045782,25
Loonbeek,50.80733264,4.606657426,25
Maasmechelen,50.94167193,5.680849107,25
Membruggen,50.81742124,5.534161034,25
Millen,50.78466391,5.560857371,25
Mol,50.92174407,3.199103736,25
Mol,50.92190033,3.196390144,25
Mol,50.92241486,3.204185334,25
Moortsele,50.95910212,3.780669237,25
Nazareth,50.95910371,3.596888115,25
Neerijse,50.81716417,4.625721699,25
Oosterzele,50.94545082,3.80373573,25
Oosterzele,50.95633839,3.830334669,25
Oppuurs,51.06596948,4.244562258,25
Ottenburg,50.75241829,4.615217781,25
Puurs-Sint-Amands,51.05641143,4.201696763,25
Riemst,50.8076205,5.573656801,25
Scheldewindeke,50.93733956,3.784970849,25
Schriek,51.02815111,4.694143443,25
Sint-Agatha-Rode,50.78725953,4.633940589,25
Tessenderlo,51.05493434,5.086995061,25
Tessenderlo,51.06623324,5.035018605,25
Tessenderlo,51.06777345,5.088544685,25
Tessenderlo,51.06943576,5.126085805,25
Tielen,51.24157973,4.897052606,25
Vlijtingen,50.82928797,5.618237321,25
Vlijtingen,50.83409358,5.588746182,25
Vorst,51.08604438,5.069904005,25
Vroenhoven,50.82626239,5.640666498,25
Zandhoven,51.21501883,4.660999541,25
Zandhoven,51.23387768,4.686654709,25
Beerse,51.3192192,4.856189386,26
Beerse,51.32230084,4.833518815,26
Beveren-Leie,50.87548732,3.345773062,26
Beveren-Leie,50.87553611,3.346348996,26
Bouwel,51.16961925,4.743307339,26
Deinze,50.9773754,3.527273819,26
Deinze,50.9833239,3.527632103,26
Deinze,50.98337144,3.561368211,26
Deinze,50.9845292,3.528433043,26
Deinze,50.98600571,3.536277949,26
Deinze,50.98709836,3.526341431,26
Deinze,50.9960907,3.503048035,26
Deinze,50.9994099,3.550655731,26
Eisden,50.98506466,5.713305034,26
Eisden,50.99407135,5.686213315,26
Erps,50.90373857,4.558073014,26
Hechtel,51.1262043,5.364603433,26
Huldenberg,50.74704238,4.634477517,26
Hulste,50.88175009,3.295676539,26
Kanne,50.81375795,5.673655669,26
Kwerps,50.9049543,4.56898384,26
Lendelede,50.88648398,3.237863031,26
Leut,50.99196712,5.736621457,26
Maasmechelen,50.960989,5.700683939,26
Meeswijk,51.00087282,5.747087233,26
Petegem-aan-de-Leie,50.97228017,3.528458781,26
Riemst,50.76836779,5.558786104,26
Riemst,50.79154093,5.620542613,26
Riemst,50.7978394,5.633448533,26
Riemst,50.80894625,5.602239562,26
Schriek,51.01317216,4.710550212,26
Sint-Baafs-Vijve,50.9089306,3.390924636,26
Tessenderlo,51.02952514,5.044245625,26
Val-Meer,50.78687124,5.595623357,26
Val-Meer,50.78700381,5.599191933,26
Val-Meer,50.79204104,5.588519999,26
Vlimmeren,51.29526753,4.781468662,26
Vucht,50.97643877,5.71458261,26
Wielsbeke,50.90932467,3.370556494,26
Ghent,51.15481878,3.825041516,27
Grobbendonk,51.19076171,4.737927699,27
Grobbendonk,51.19446568,4.74414385,27
Kanne,50.81662573,5.66793175,27
Kwaadmechelen,51.08388501,5.140770467,27
Kwaadmechelen,51.10084446,5.145009698,27
Kwaadmechelen,51.10169974,5.1469479,27
Leuven,50.92670652,4.702472073,27
Maasmechelen,50.96474173,5.681193538,27
Meerhout,51.11287292,5.097206915,27
Meerhout,51.11954526,5.052794163,27
Meerhout,51.13105165,5.091654272,27
Meerhout,51.13112726,5.078890993,27
Meerhout,51.13511616,5.077248984,27
Meerhout,51.14028389,5.090208935,27
Oekene,50.92054171,3.160685336,27
Ooigem,50.89297649,3.336599463,27
Oostham,51.10381425,5.178268305,27
Overpelt,51.19306391,5.405408788,27
Overpelt,51.20955004,5.42723415,27
Overpelt,51.20990326,5.382672394,27
Overpelt,51.21122115,5.426186365,27
Overpelt,51.23291468,5.398290963,27
Pellenberg,50.87039383,4.794001872,27
Rumbeke,50.89275474,3.11469366,27
Rumbeke,50.90538261,3.143655588,27
Vosselaar,51.30352027,4.881406353,27
Vosselaar,51.31276505,4.887076881,27
Vucht,50.97728345,5.693032443,27
Wambeek,50.85266204,4.161597919,27
Zutendaal,50.93198265,5.571477643,27
Zutendaal,50.95310615,5.559324786,27
Achterbroek,51.39744211,4.501091712,28
Bavikhove,50.87522486,3.311852422,28
Beveren,50.96827318,3.144762984,28
Beveren,50.98848333,3.162801004,28
Bilzen,50.88633569,5.478464503,28
Bilzen,50.89163412,5.474121787,28
Bilzen,50.89669168,5.506409433,28
Bilzen,50.90349589,5.4732664,28
Booischot,51.0312736,4.756877932,28
Haacht,50.97711693,4.638098088,28
Haacht,50.98221409,4.614593707,28
Heide,51.36523892,4.459217245,28
Herselt,51.03219541,4.89355786,28
Herselt,51.04415157,4.929223816,28
Herselt,51.05298457,4.881383935,28
Herselt,51.05309586,4.875600219,28
Herselt,51.07586749,4.916995331,28
Kalmthout,51.35540416,4.473149581,28
Kalmthout,51.38266429,4.4771873,28
Kalmthout,51.39039577,4.463280202,28
Kemzeke,51.20702764,4.079022291,28
Kerksken,50.88938425,3.988703711,28
Kerksken,50.89001346,3.992263591,28
Klein-Sinaai,51.18477901,3.987046356,28
Klein-Sinaai,51.18734187,3.992571066,28
Kortrijk,50.74010522,3.331778024,28
Kortrijk,50.76854945,3.262743421,28
Kortrijk,50.77754255,3.279852796,28
Kwaadmechelen,51.08395244,5.105043896,28
Middelkerke,51.18183952,2.815423587,28
Middelkerke,51.18366649,2.806803277,28
Middelkerke,51.18467882,2.820549212,28
Munsterbilzen,50.88916079,5.526159982,28
Munsterbilzen,50.89082647,5.521848297,28
Munsterbilzen,50.89766312,5.512206154,28
Nieuwmoer,51.43282264,4.518504335,28
Ramsel,51.03231874,4.833100163,28
Ramsel,51.0361656,4.816091747,28
Roeselare,50.93644995,3.097414557,28
Roeselare,50.93737067,3.122647172,28
Roeselare,50.93754483,3.115668131,28
Roeselare,50.93944334,3.137004304,28
Roeselare,50.94349914,3.124860439,28
Roeselare,50.94386498,3.119783953,28
Roeselare,50.94432734,3.123512996,28
Roeselare,50.94497247,3.125491392,28
Roeselare,50.94547967,3.129064892,28
Roeselare,50.94592892,3.128973472,28
Roeselare,50.94663488,3.121496312,28
Roeselare,50.94800314,3.133269635,28
Roeselare,50.94891565,3.127107585,28
Roeselare,50.95088683,3.108444364,28
Roeselare,50.952027,3.135786358,28
Roeselare,50.95780918,3.097497811,28
Roeselare,50.95963561,3.116484563,28
Rumbeke,50.92099084,3.116585474,28
Rumbeke,50.9332037,3.144786461,28
Rumbeke,50.93348925,3.154703844,28
Serskamp,50.98905103,3.929957749,28
Stekene,51.20689841,4.04072244,28
Stekene,51.20716748,4.039936067,28
Stekene,51.20843872,4.039698725,28
Stekene,51.23562435,4.043947313,28
Tildonk,50.94474298,4.643663137,28
Wakkerzeel,50.95623019,4.679431858,28
Waregem,50.86355321,3.401471284,28
Waregem,50.86358144,3.401788697,28
Waregem,50.87444138,3.424848447,28
Waregem,50.87464157,3.424947018,28
Waregem,50.88100194,3.464123393,28
Waregem,50.88107761,3.464116644,28
Waregem,50.88657312,3.418714069,28
Waregem,50.88683369,3.432374222,28
Wespelaar,50.95932163,4.633553713,28
Wespelaar,50.96236798,4.606472296,28
Berlare,51.02499962,4.003382665,29
Berlare,51.04113,3.984646139,29
Bilzen,50.86870071,5.499730074,29
Bilzen,50.87063368,5.51766663,29
Bilzen,50.87159252,5.519537186,29
Bilzen,50.87381941,5.50833062,29
Bilzen,50.87437543,5.513321136,29
Blankenberge,51.31178502,3.132796332,29
Blankenberge,51.31563423,3.131505161,29
Blankenberghe,51.31323856,3.137969257,29
Brecht,51.34227446,4.60482014,29
Brecht,51.35130382,4.642630113,29
Daknam,51.12526331,3.980148908,29
Eigenbilzen,50.8752914,5.574638959,29
Eigenbilzen,50.88074727,5.571882787,29
Eksaarde,51.12139308,3.926163386,29
Eksaarde,51.14630994,3.955641819,29
Eksaarde,51.14889887,3.965927961,29
Eksaarde,51.15972795,3.978894347,29
Ghent,51.14712577,3.821451634,29
Heist,51.33940953,3.235886934,29
Hoelbeek,50.87314798,5.559365104,29
Lokeren,51.08581465,3.958826071,29
Lokeren,51.09241501,3.996318781,29
Lokeren,51.09457044,3.912066755,29
Lokeren,51.09814113,3.988288791,29
Lokeren,51.10199646,3.993468158,29
Lokeren,51.10236023,4.001030552,29
Lokeren,51.10241721,3.980548261,29
Lokeren,51.10420741,3.99186545,29
Lokeren,51.11044967,3.971476881,29
Lokeren,51.11508192,3.997873775,29
Lokeren,51.11529358,3.998335486,29
Mechelen,51.04709307,4.422598787,29
Mol,51.17828121,5.08986043,29
Mol,51.17848389,5.093142497,29
Mol,51.18436075,5.116315853,29
Mol,51.18872285,5.078527329,29
Mol,51.19253939,5.150437353,29
Mol,51.196133,5.221407666,29
Mol,51.19712349,5.12810741,29
Mol,51.19717459,5.127640175,29
Mol,51.20093107,5.098429344,29
Mol,51.211403,5.134157578,29
Mol,51.21771035,5.112325512,29
Mol,51.22100685,5.205276292,29
Mol,51.28945367,5.189957357,29
Munsterbilzen,50.8814253,5.537564345,29
Opglabbeek,51.03114112,5.536155742,29
Opglabbeek,51.04378011,5.584032091,29
Opglabbeek,51.05071245,5.607509361,29
Ramskapelle,51.31518007,3.250405131,29
Rosmeer,50.84596666,5.574758296,29
Sint-Katherina-Lombeek,50.87332748,4.156670511,29
Sint-Kruis-Winkel,51.15645703,3.836101118,29
Sint-Lenaarts,51.34734641,4.679941294,29
Stevoort,50.91662244,5.250777269,29
Uitbergen,51.01835296,3.957935776,29
Uitkerke,51.30367336,3.142431478,29
Waregem,50.89228792,3.450295164,29
Wichelen,51.00609856,3.974834542,29
Balen,51.146897,5.113671846,30
Balen,51.16203597,5.185946569,30
Balen,51.16990141,5.137058336,30
Balen,51.17103741,5.168678402,30
Balen,51.17786664,5.20216633,30
Balen,51.18112174,5.202200011,30
Bel,51.16262179,5.063866764,30
Beringen,51.08286623,5.322119961,30
Bilzen,50.86285561,5.573956521,30
Brecht,51.31662004,4.632931414,30
Bruges,51.27470922,3.228096602,30
Bruges,51.29415767,3.199048626,30
Bruges,51.30973104,3.197436941,30
Bruges,51.32808552,3.182423362,30
De Pinte,50.99142248,3.649174321,30
Elsum,51.16192872,4.975723126,30
Elsum,51.16204196,4.990465013,30
Geel,51.12439025,4.977401951,30
Geel,51.16459756,5.011869674,30
Geel,51.2171971,5.038761235,30
Ghent,51.12227238,3.781025348,30
Grote-Spouwen,50.82960844,5.537087157,30
Grote-Spouwen,50.83325328,5.553213302,30
Hasselt,50.94770948,5.2532467,30
Hasselt,50.94963679,5.230776515,30
Hees,50.84568668,5.608969041,30
Hees,50.84630214,5.609700791,30
Heist,51.34029524,3.260674653,30
Heist,51.34257476,3.262009349,30
Holven,51.16225139,5.000061773,30
Holven,51.16266754,5.002079571,30
Holven,51.17578701,4.985038318,30
Kleine-Spouwen,50.83814285,5.54698434,30
Knokke-Heist,51.33807048,3.304735991,30
Knokke-Heist,51.34176459,3.286327337,30
Knokke-Heist,51.35110208,3.291591224,30
Knokke-Heist,51.35267977,3.305471275,30
Larum,51.16674501,4.945473182,30
Onze-Lieve-Vrouw-Lombeek,50.82215078,4.114027024,30
Oosterlo,51.10696168,4.979514251,30
Overmere,51.04547261,3.943889676,30
Overmere,51.04681009,3.946198011,30
Pamel,50.84297395,4.083945767,30
Pamel,50.84369274,4.075417648,30
Punt,51.14209094,4.945729002,30
Rijkhoven,50.84227596,5.521504099,30
Schellebelle,50.9959491,3.95307686,30
Schellebelle,51.01394655,3.928273259,30
Sint-Lenaarts,51.33549179,4.664604738,30
Strijtem,50.84069098,4.116090323,30
Ten Aard,51.20429755,4.97977847,30
Waltwilder,50.86472257,5.54549733,30
Winkelomheide,51.12778856,5.009377665,30
Zevergem,50.97843611,3.695490665,30
Beringen,51.05439775,5.246375354,31
Beringen,51.07117215,5.248622939,31
Bruges,51.33173656,3.207395149,31
Deerlijk,50.82161039,3.376831429,31
Deerlijk,50.85089011,3.353844877,31
Deerlijk,50.852108,3.356112374,31
Deerlijk,50.8537491,3.354908396,31
Deerlijk,50.85935352,3.37835224,31
Gaasbeek,50.8001188,4.189483491,31
Gellik,50.88307918,5.606597413,31
Herenthout,51.14007317,4.755922157,31
Lanaken,50.88466975,5.674402454,31
Lanaken,50.88981797,5.651422018,31
Lanaken,50.89556989,5.636715568,31
Lanaken,50.90125872,5.654859895,31
Linkhout,50.96587061,5.137581426,31
Meldert,50.99836482,5.141580161,31
Morkhoven,51.11885647,4.821211682,31
Neerharen,50.90736096,5.68758037,31
Noorderwijk,51.12436228,4.83276026,31
Noorderwijk,51.14093676,4.840442842,31
Olen,51.14430302,4.857549382,31
Onze-Lieve-Vrouw-Olen,51.16807601,4.900273624,31
Sint-Job-in-'t-Goor,51.29257284,4.583418806,31
Sint-Job-in-'t-Goor,51.30231409,4.560364515,31
Sint-Jozef-Olen,51.18486624,4.904382447,31
Sint-Kwintens-Lennik,50.80671413,4.154459062,31
Sint-Kwintens-Lennik,50.83166103,4.140596944,31
Sint-Martens-Lennik,50.81220612,4.167006979,31
Turnhout,51.28717572,4.945269257,31
Turnhout,51.28729673,4.945383533,31
Turnhout,51.30567547,4.939194962,31
Turnhout,51.30873768,4.954021845,31
Turnhout,51.30889485,4.954354532,31
Turnhout,51.32044007,4.932008898,31
Turnhout,51.32121938,4.942306311,31
Turnhout,51.32150259,4.955436521,31
Turnhout,51.32200634,4.948812986,31
Turnhout,51.32313638,4.948912319,31
Turnhout,51.32648666,4.941828073,31
Turnhout,51.32659637,4.943014152,31
Turnhout,51.32901517,4.949852193,31
Turnhout,51.33112868,4.957146477,31
Turnhout,51.33787712,4.910045603,31
Zammel,51.09888145,4.948599528,31
Appelterre-Eichem,50.81899479,3.966288164,32
Denderwindeke,50.79849487,4.025213179,32
Herentals,51.16327457,4.826361785,32
Herentals,51.17452629,4.835697993,32
Herentals,51.17773515,4.83542076,32
Herentals,51.1800395,4.829308021,32
Herentals,51.18123644,4.837452978,32
Herentals,51.18529769,4.836746542,32
Herentals,51.18562716,4.836932237,32
Herentals,51.18604448,4.838811101,32
Herentals,51.19242714,4.841751593,32
Kortrijk,50.80744797,3.233278958,32
Lummen,50.97523651,5.224252643,32
Lummen,50.98534959,5.190418439,32
Lummen,50.98669823,5.175278688,32
Lummen,50.99737606,5.186186392,32
Lummen,51.01345403,5.22655095,32
Lummen,51.02680251,5.207879677,32
Massemen,50.98101796,3.872503035,32
Menin,50.80322008,3.110657335,32
Nederhasselt,50.84644184,3.974927142,32
Ninove,50.83804157,4.021230284,32
Rupelmonde,51.12762603,4.291054662,32
Sint-Martens-Latem,51.02081909,3.640146129,32
Veldwezelt,50.86543951,5.632320609,32
Wetteren,50.9892363,3.835754401,32
Wetteren,51.00741643,3.885468545,32
Wetteren,51.00868643,3.839742926,32
Appelterre-Eichem,50.82630194,3.990279298,33
Blanden,50.82754096,4.717864033,33
Iddergem,50.87376698,4.04720052,33
Lieferinge,50.79216429,4.052103801,33
Menin,50.78912065,3.132983605,33
Menin,50.79450668,3.122720873,33
Menin,50.79664155,3.116733841,33
Menin,50.80074869,3.125352081,33
Ninove,50.82775571,4.026698005,33
Ninove,50.83326355,4.023828468,33
Ninove,50.8339624,4.023707807,33
Okegem,50.85538733,4.055976056,33
Rekkem,50.78602732,3.162614812,33
Sinaai,51.14404945,4.065991175,33
Sinaai,51.15698723,4.040361181,33
Sinaai,51.157356,4.042047405,33
Stabroek,51.33136987,4.365398996,33
Voorde,50.82308844,3.94928771,33
Voorde,50.82901441,3.958144518,33
Westrem,50.96969047,3.861974719,33
Wetteren,50.99902408,3.864770265,33
Wetteren,51.01055484,3.878080883,33
Wevelgem,50.80928087,3.18397764,33
Zele,51.04816883,4.036351832,33
Zele,51.06502877,4.028028884,33
Zele,51.06520104,4.026798155,33
Zele,51.06646856,3.991224278,33
Zele,51.06718031,4.074086044,33
Zele,51.06840829,4.039078121,33
Zele,51.0853912,4.056427301,33
Boortmeerbeek,50.98119441,4.572374793,34
Buggenhout,51.01534121,4.202862086,34
Buggenhout,51.03139879,4.191962977,34
Gullegem,50.84323337,3.204017587,34
Hoevenen,51.3068007,4.404760905,34
Itegem,51.10299306,4.729342407,34
Kortrijk,50.80434338,3.249590561,34
Kortrijk,50.86415283,3.272953124,34
Kuurne,50.8639568,3.272781536,34
Lauwe,50.7906712,3.199452072,34
Lauwe,50.79303859,3.188700136,34
Lauwe,50.79427704,3.185689135,34
Moorsele,50.84059873,3.16379556,34
Nieuwenrode,50.97908593,4.350680876,34
Opdorp,51.027682,4.220838059,34
Veldwezelt,50.83843997,5.630539067,34
Wevelgem,50.80254645,3.152358977,34
Wevelgem,50.81707828,3.174507303,34
Wevelgem,50.81735967,3.174790303,34
Wiekevorst,51.10931916,4.794895819,34
Beringen,51.04838466,5.224881783,35
Beringen,51.05900658,5.27279865,35
Booischot,51.05280187,4.779185035,35
Buggenhout,50.99849774,4.17649781,35
Kapelle-op-den-Bos,51.00699893,4.355323648,35
Kapelle-op-den-Bos,51.01323301,4.355015666,35
Kuurne,50.85002711,3.28755916,35
Oevel,51.1387924,4.90491621,35
Oevel,51.13940165,4.916378928,35
Onze-Lieve-Vrouw-Waver,51.06196378,4.580393764,35
Onze-Lieve-Vrouw-Waver,51.06264478,4.580103967,35
Onze-Lieve-Vrouw-Waver,51.06517918,4.578461077,35
Ramsdonk,51.01461736,4.335204811,35
Tongerlo,51.10559108,4.915932128,35
Tongerlo,51.10584607,4.906242637,35
Tongerlo,51.10614843,4.910485233,35
Tongerlo,51.108873,4.920982431,35
Tongerlo,51.12862055,4.86939746,35
Vinderhoute,51.08708811,3.641280612,35
Westerlo,51.08767044,4.837958723,35
Westerlo,51.08870348,4.919988946,35
Westerlo,51.11633898,4.860715913,35
Zoerle-Parwijs,51.08742915,4.873044964,35
Bazel,51.14694562,4.299967383,36
Harelbeke,50.83119574,3.312932293,36
Harelbeke,50.84986145,3.31291266,36
Harelbeke,50.85514726,3.308393904,36
Kruibeke,51.17106056,4.312043542,36
Rekkem,50.76217928,3.179674285,36
Boortmeerbeek,50.99239253,4.556203835,37
Harelbeke,50.85650013,3.322646771,37
Harelbeke,50.85802003,3.312834125,37
Hingene,51.09208775,4.305175941,37
Hingene,51.10360295,4.269186013,37
Kortrijk,50.82284826,3.227251923,37
Kortrijk,50.83036715,3.228834768,37
Kortrijk,50.84383441,3.234759023,37
Boortmeerbeek,50.97990615,4.5297863,38
Bornem,51.07962547,4.199836091,38
Bornem,51.09397662,4.226184989,38
Bornem,51.09986983,4.235364043,38
De Klinge,51.25636062,4.089706036,38
De Klinge,51.26254483,4.112937883,38
Hallaar,51.08468243,4.729666019,38
Heist-op-den-Berg,51.04531072,4.723963396,38
Heist-op-den-Berg,51.05820952,4.749010735,38
Heist-op-den-Berg,51.07297624,4.703066396,38
Heist-op-den-Berg,51.07609786,4.729491018,38
Heist-op-den-Berg,51.07631424,4.731387779,38
Kortrijk,50.83180998,3.245685123,38
Kortrijk,50.84272051,3.256174753,38
Mariekerke,51.06030258,4.189506042,38
Meerdonk,51.26036045,4.14681547,38
Sint-Gillis-Waas,51.21826893,4.127958752,38
Sint-Gillis-Waas,51.23518359,4.100229064,38
Sint-Pauwels,51.19414539,4.096512389,38
Sint-Pauwels,51.19555403,4.093738913,38
Weert,51.10134787,4.193081122,38
Hingene,51.10641621,4.298056927,39
Putte,51.02860631,4.65626396,39
Putte,51.0385421,4.588976111,39
Beerzel,51.05733295,4.671402603,40
Harelbeke,50.84074053,3.292979514,40
Putte,51.05644448,4.629809732,40
Puurs,51.07666363,4.276060988,40
Sint-Katherina-Lombeek,50.87622196,4.129938788,40
Ternat,50.87190396,4.176390664,40
Breendonk,51.04442163,4.326253642,41
Liezele,51.0602495,4.280667491,41
Puurs,51.07398656,4.294585338,41
Denderleeuw,50.87734125,4.065127577,42
Denderleeuw,50.89518676,4.07340353,42
Haaltert,50.89693327,4.012375709,42
Niel,51.09779137,4.340148056,42
Niel,51.10964503,4.327743486,42
Beervelde,51.07976984,3.878717798,43
Berlaar,51.08348181,4.667993322,43
Berlaar,51.11120079,4.635397387,43
Berlaar,51.1185572,4.660985493,43
Buizingen,50.74725799,4.265316401,43
Denderleeuw,50.88284997,4.082545787,43
Gestel,51.1281045,4.675226382,43
Heldergem,50.88158369,3.954793931,43
Kortenberg,50.88572467,4.549268014,43
Kortenberg,50.88596336,4.542180111,43
Kortrijk,50.81198382,3.299547186,43
Liedekerke,50.87723814,4.097016393,43
Schepdaal,50.82637885,4.209849869,43
Schepdaal,50.83428946,4.192070554,43
Zaffelare,51.13299316,3.862188711,43
Zaffelare,51.13509885,3.862758457,43
Zeveneken,51.10715637,3.900057814,43
Buizingen,50.74096704,4.250151687,44
Denderhoutem,50.87168505,4.018598155,44
Denderhoutem,50.8751896,4.014363454,44
Haaltert,50.90219989,4.005687305,44
Haaltert,50.9097371,3.990444779,44
Kortrijk,50.82384673,3.29892235,44
Liedekerke,50.87061318,4.082490265,44
Lochristi,51.0959804,3.833694069,44
Lochristi,51.11236447,3.812856075,44
Ruisbroek,51.08912112,4.33126302,44
Antwerp,51.11952145,4.333340938,45
Berg,50.9305367,4.540686043,45
Blaasveld,51.05630722,4.372287841,45
Denderhoutem,50.87473326,3.989018348,45
Hasselt,50.96676563,5.283153824,45
Humbeek,50.96709355,4.379986737,45
Kampenhout,50.94170174,4.549005314,45
Kampenhout,50.94598185,4.583074722,45
Kortrijk,50.79075105,3.250085161,45
Kortrijk,50.81586558,3.262213428,45
Kortrijk,50.81841128,3.257878614,45
Kortrijk,50.81913144,3.281963389,45
Kortrijk,50.81996921,3.270151149,45
Kortrijk,50.82233396,3.259335106,45
Kortrijk,50.82638049,3.277375625,45
Kortrijk,50.82756787,3.268349163,45
Kortrijk,50.82789782,3.270502692,45
Kortrijk,50.82814519,3.271869031,45
Kortrijk,50.8282122,3.267494121,45
Kortrijk,50.82823677,3.262975668,45
Kortrijk,50.82907966,3.26744574,45
Kortrijk,50.83102911,3.263351528,45
Kortrijk,50.83310952,3.263439257,45
Kortrijk,50.8334345,3.259740659,45
Kuringen,50.94910884,5.273242752,45
Kuringen,50.9567955,5.280143703,45
Nederokkerzeel,50.91896782,4.564800351,45
Schelle,51.12928142,4.335925763,45
Tisselt,51.03401235,4.359309475,45
Welle,50.89525392,4.043479832,45
Willebroek,51.05307165,4.355607526,45
Willebroek,51.05655821,4.364480665,45
Appels,51.02917081,4.054558439,46
Grembergen,51.05413647,4.106767248,46
Helchteren,51.06851255,5.416780965,46
Kortrijk,50.82911189,3.281196673,46
Lede,50.95365628,3.931527143,46
Lembeek,50.71363947,4.223692228,46
Londerzeel,51.00163907,4.302168322,46
Londerzeel,51.02706842,4.294019086,46
Oordegem,50.95744385,3.902092559,46
Oudegem,51.009379,4.061580663,46
Schoonaarde,51.00494618,4.015566979,46
Welle,50.90092786,4.04506633,46
Willebroek,51.06430898,4.361675414,46
Dendermonde,51.03219709,4.094372296,47
Helchteren,51.05573253,5.383942406,47
Houthalen,51.02076146,5.395362638,47
Houthalen,51.02358365,5.480174055,47
Houthalen,51.03151141,5.371993906,47
Houthalen,51.04156384,5.34631241,47
Houthalen,51.04200556,5.384547903,47
Houthalen,51.04329329,5.381199091,47
Kortrijk,50.84126505,3.268967909,47
Malderen,51.01489557,4.228030881,47
Malderen,51.02012195,4.243330842,47
Mazenzele,50.94284175,4.172240252,47
Mespelare,50.99641016,4.069234641,47
Opwijk,50.95501756,4.182798126,47
Schelle,51.12115763,4.326076121,47
Smetlede,50.96619817,3.927724913,47
Steenhuffel,50.995529,4.267843481,47
Vremde,51.17207018,4.54323601,47
Vremde,51.17521309,4.523335823,47
Wanzele,50.97425424,3.956429734,47
Willebroek,51.08025622,4.365439382,47
Wolvertem,50.93855594,4.306061674,47
Wolvertem,50.95074268,4.308012598,47
Wolvertem,50.95774196,4.287343454,47
Wolvertem,50.99213233,4.323658474,47
Baardegem,50.95484806,4.141792616,48
Baasrode,51.04842674,4.129815091,48
Dendermonde,51.02716593,4.097736404,48
Dendermonde,51.02731835,4.100679061,48
Dendermonde,51.02954357,4.099634642,48
Dendermonde,51.04855473,4.06176637,48
Diepenbeek,50.90251485,5.410906008,48
Diepenbeek,50.9027055,5.395680447,48
Diepenbeek,50.90746067,5.424320614,48
Diepenbeek,50.90815927,5.41962949,48
Hamme,51.07589556,4.095952145,48
Hamme,51.09164664,4.155393594,48
Hamme,51.09207075,4.124051192,48
Hamme,51.09297734,4.138295598,48
Hamme,51.09824848,4.138200376,48
Hamme,51.09876344,4.137876471,48
Heindonk,51.06655621,4.40711922,48
Impe,50.9603637,3.952076336,48
Meldert,50.93173564,4.133547205,48
Opwijk,50.96942967,4.188987891,48
Sint-Gillis-bij-Dendermonde,51.02044668,4.091686506,48
Vrasene,51.21916955,4.193458824,48
Waasmunster,51.09447249,4.075395784,48
Waasmunster,51.09456435,4.076164597,48
Wolvertem,50.9737336,4.306145542,48
Aaigem,50.88937954,3.936688039,49
Baasrode,51.03863311,4.165223827,49
Bevel,51.13701054,4.681683679,49
Beveren,51.20780009,4.238785417,49
Beveren,51.2134487,4.2573832,49
Beveren,51.22311159,4.258449711,49
Burst,50.91383635,3.920597998,49
Dendermonde,51.03171631,4.096755875,49
Dendermonde,51.03316956,4.115357274,49
Diepenbeek,50.93606983,5.41971879,49
Dworp,50.7291186,4.299757794,49
Haasdonk,51.18150395,4.241057134,49
Kallo,51.25212906,4.276863492,49
Kessel,51.13871734,4.629387045,49
Lebbeke,50.97967948,4.079921567,49
Lebbeke,51.00139379,4.084052073,49
Lede,50.96616275,3.978278184,49
Melsele,51.22037344,4.284391672,49
Melsele,51.22136815,4.282125034,49
Melsele,51.22590414,4.267328365,49
Moerzeke,51.06246356,4.153419321,49
Moerzeke,51.06368062,4.156287704,49
Moorsel,50.94706331,4.098825019,49
Moorsel,50.9644803,4.10900397,49
Nijlen,51.16091812,4.670854378,49
Nijlen,51.16437182,4.687693907,49
Nijlen,51.16915151,4.650887068,49
Opwijk,50.96526831,4.15537938,49
Sint-Gillis-bij-Dendermonde,51.01895856,4.110360658,49
Sint-Gillis-bij-Dendermonde,51.02660133,4.124593363,49
Vlekkem,50.93577861,3.930697991,49
Vrasene,51.21911286,4.195306107,49
Wolvertem,50.97369483,4.279580086,49
Bambrugge,50.9199197,3.929134481,50
Ertvelde,51.17432598,3.785782061,50
Ertvelde,51.17906205,3.747405455,50
Ertvelde,51.19084072,3.753709179,50
Evergem,51.10531697,3.701574664,50
Evergem,51.10931116,3.707985848,50
Evergem,51.14316616,3.765768188,50
Gijzegem,50.98403911,4.05003944,50
Gijzegem,50.9844221,4.050875141,50
Gijzegem,50.98514013,4.054096607,50
Heusden-Zolder,50.98833706,5.274629061,50
Heusden-Zolder,50.99624896,5.249488003,50
Heusden-Zolder,51.01162791,5.28301098,50
Heusden-Zolder,51.02325164,5.313803315,50
Heusden-Zolder,51.02613823,5.240371361,50
Heusden-Zolder,51.03393512,5.282074616,50
Heusden-Zolder,51.04370916,5.31502437,50
Heusden-Zolder,51.05084996,5.334328701,50
Kessel,51.15094717,4.617160316,50
Kluizen,51.15515802,3.733237185,50
Sleidinge,51.13254185,3.67880624,50
Sleidinge,51.13744521,3.679045627,50
Belsele,51.14451409,4.085180697,51
Belsele,51.14602155,4.088653365,51
Belsele,51.1734809,4.070397954,51
Brussegem,50.92719039,4.267435727,51
Essene,50.90176935,4.137452341,51
Evergem,51.10120116,3.659920773,51
Evergem,51.13674999,3.720064294,51
Heizijde,51.00007691,4.150489493,51
Herdersem,50.97181831,4.06676099,51
Herdersem,50.97359546,4.065536576,51
Hoeilaart,50.76791662,4.472295753,51
Kessel,51.14655295,4.605604605,51
Korbeek-Dijle,50.83930206,4.641165311,51
Lebbeke,50.98380542,4.144607187,51
Lebbeke,51.00032017,4.150753839,51
Lebbeke,51.00057114,4.12926689,51
Moerzeke,51.04819694,4.16726367,51
Moorsel,50.93130368,4.097348275,51
Ottergem,50.93426032,3.947247084,51
Sleidinge,51.13781709,3.680510602,51
Teralfene,50.89208964,4.099255972,51
Alsemberg,50.73329019,4.325376932,52
Alsemberg,50.74302474,4.336138841,52
Brussegem,50.9222672,4.280842267,52
Erondegem,50.94039112,3.955106437,52
Erpe,50.9334663,3.976677384,52
Erpe-Mere,50.92305033,3.971507315,52
Hamme,50.9139486,4.276044009,52
Hekelgem,50.90757586,4.10904286,52
Hekelgem,50.92442573,4.113939085,52
Hekelgem,50.92449475,4.113253176,52
Huizingen,50.74627319,4.276666804,52
Kuringen,50.95602429,5.327652346,52
Merchtem,50.95914454,4.233640527,52
Bertem,50.8609442,4.62866252,53
Kapellen,51.35389706,4.397389462,53
Merchtem,50.98409753,4.223106085,53
Terlanen,50.77050273,4.603004705,53
Tombeek,50.75475106,4.568007077,53
Bret,50.97346987,5.518639394,54
Genk,50.93394697,5.521982199,54
Genk,51.00872029,5.502908458,54
Genk,51.00936664,5.513400025,54
Herdersem,50.96361025,4.06153406,54
Kuringen,50.94423368,5.306240502,54
Winterslag,50.9638924,5.500857199,54
Winterslag,50.97178053,5.507904831,54
Winterslag,50.97250507,5.482451045,54
Winterslag,50.97360272,5.519317557,54
Winterslag,50.97498725,5.469420098,54
Winterslag,50.97810665,5.512637918,54
Winterslag,50.99951482,5.508080721,54
Winterslag,51.0032385,5.510103596,54
Zemst,50.96003483,4.497865462,54
Zemst,50.97206648,4.47997845,54
Zonhoven,50.97813184,5.353496232,54
Zonhoven,50.98741264,5.411313734,54
Zonhoven,50.99143017,5.367973361,54
Zonhoven,50.99308309,5.363332724,54
Zonhoven,50.99414866,5.340170217,54
Zonhoven,51.00302852,5.364056654,54
Beigem,50.95174196,4.365588026,55
Eizer,50.79886231,4.548886282,55
Genk,50.94824105,5.501861173,55
Genk,50.95307808,5.421592822,55
Genk,50.98772622,5.537959804,55
Genk,51.000218,5.530012114,55
Haasrode,50.83079494,4.727229698,55
Hofstade,50.96090793,4.034525406,55
Kapellen,51.31587654,4.460872314,55
Kapellen,51.31641908,4.426833862,55
Maleizen,50.74866891,4.518723201,55
Onze-Lieve-Vrouwedal,50.77074221,4.503659679,55
Overijse,50.77260359,4.538156228,55
Overijse,50.77676948,4.52491998,55
Overijse,50.7933531,4.482768868,55
Waasmunster,51.09565257,4.088840398,55
Waasmunster,51.10628292,4.08596433,55
Waasmunster,51.10854454,4.08485153,55
Waasmunster,51.11928569,4.078502081,55
Waasmunster,51.1224035,4.09879103,55
Winterslag,50.96131372,5.486017765,55
Winterslag,50.97122085,5.448499998,55
Winterslag,50.98732922,5.491886315,55
Winterslag,50.9996243,5.518637968,55
's-Gravenwezel,51.24878065,4.57446399,56
's-Gravenwezel,51.26294582,4.554309591,56
's-Gravenwezel,51.2634767,4.556935956,56
Halle,50.7194593,4.258431608,56
Halle,50.73122639,4.243927508,56
Halle,50.7355762,4.234568739,56
Halle,50.73678746,4.23741379,56
Halle,50.73728601,4.237955153,56
Halle,50.74195173,4.230226526,56
Halle,50.74240772,4.229955152,56
Halle,50.76098328,4.200198548,56
Kapellen,51.30542014,4.435276583,56
Kapellen,51.30850595,4.418062736,56
Kapellen,51.30912524,4.421746037,56
Schilde,51.23169778,4.583272849,56
Schilde,51.23328575,4.555223029,56
Sombeke,51.11431189,4.124888912,56
Belsele,51.1649601,4.115715821,57
Lint,51.1276911,4.495946665,57
Ruiter,51.11489145,4.042081043,57
Steendorp,51.12518882,4.272186656,57
Temse,51.16033996,4.207559045,57
Tielrode,51.11064211,4.174350113,57
Tielrode,51.11235402,4.175431022,57
Duffel,51.09388342,4.493983779,58
Duffel,51.0938951,4.498919946,58
Duffel,51.09403817,4.51036598,58
Duffel,51.09454049,4.500650886,58
Duffel,51.09687331,4.555128425,58
Elversele,51.11344952,4.142500013,58
Elversele,51.11457887,4.138362767,58
Maleizen,50.73785366,4.503331124,58
Temse,51.12405075,4.213876269,58
Temse,51.12569567,4.202956281,58
Temse,51.1259616,4.199581295,58
Temse,51.12932536,4.22987203,58
Boom,51.08879178,4.3680999,59
Boom,51.09977124,4.368680914,59
Boom,51.08572026,4.364881593,60
Boom,51.09116382,4.393145999,60
Broechem,51.1740629,4.622246655,60
Broechem,51.18158038,4.601584638,60
Emblem,51.16261382,4.606996296,60
Erembodegem,50.90968413,4.028557246,60
Nieuwerkerken,50.91979899,3.987942624,60
Ranst,51.18373868,4.545545554,60
Ranst,51.19049102,4.560490054,60
Ranst,51.19489844,4.557254388,60
Aalst,50.93112927,4.025613963,61
Emblem,51.1611978,4.600152214,61
Lot,50.76279298,4.278511506,61
Reet,51.10093298,4.413129762,61
Reet,51.10122896,4.411548364,61
Rumst,51.07801618,4.427007305,61
Terhagen,51.07974191,4.396814414,61
Aalst,50.93029026,4.070469698,62
Oelegem,51.21102954,4.597662861,62
Reet,51.10866554,4.388110666,62
Aalst,50.93262318,4.029989831,63
Aalst,50.93546203,4.044983081,63
Aalst,50.93580103,4.040725184,63
Aalst,50.93710075,4.041131756,63
Aalst,50.93783053,4.041014469,63
Aalst,50.93821929,4.042693027,63
Aalst,50.93926087,4.025292453,63
Aalst,50.94010413,4.043222753,63
Aalst,50.94075648,4.030958914,63
Aalst,50.9407576,4.016531514,63
Aalst,50.94116053,4.035131464,63
Aalst,50.94156678,4.053740819,63
Aalst,50.94943729,4.042923429,63
Aalst,50.95232236,4.061588841,63
Erembodegem,50.92046057,4.058369897,63
Nieuwerkerken,50.92346961,4.004172724,63
Ruisbroek,50.77081499,4.273718501,63
Erembodegem,50.91065314,4.082278148,64
Erembodegem,50.92342277,4.053815743,64
Hemiksem,51.14362762,4.345663779,64
Wetteren,50.99846068,3.889409337,64
Asse,50.91864457,4.157443912,65
Asse,50.90426186,4.166255724,66
Asse,50.91100257,4.196071917,66
Asse,50.92202325,4.184662509,66
Hasselt,50.90465854,5.35771176,66
Hasselt,50.93712549,5.384353868,66
Hasselt,50.95023767,5.372257856,66
Hasselt,50.96320411,5.354480499,66
Hemiksem,51.13776423,4.336553174,66
Hove,51.14424553,4.465587698,66
Hove,51.15437528,4.470639181,66
Kobbegem,50.91002429,4.25058138,66
Mollem,50.92037903,4.241739576,66
Mollem,50.93097319,4.227588963,66
Asse,50.90157279,4.2164448,67
Asse,50.91018723,4.202090863,67
Emblem,51.15277064,4.581734321,67
Hasselt,50.91769742,5.342682203,67
Hasselt,50.92094102,5.326175703,67
Hasselt,50.92628513,5.35195025,67
Hasselt,50.92667472,5.328719815,67
Hasselt,50.9291058,5.34366289,67
Hasselt,50.92973964,5.336267097,67
Hasselt,50.92988021,5.338825296,67
Hasselt,50.93063178,5.340468936,67
Hasselt,50.93219338,5.340061653,67
Hasselt,50.93246971,5.336494762,67
Hasselt,50.93541451,5.32689921,67
Hasselt,50.93580039,5.326706079,67
Hasselt,50.94662498,5.355596788,67
Hasselt,50.97526417,5.386725536,67
Sint-Lambrechts-Herk,50.89835305,5.306748466,67
Koningshooikt,51.09471913,4.610185429,68
Lier,51.12829391,4.567762779,68
Lier,51.12857457,4.58714964,68
Lier,51.12900213,4.573735461,68
Lier,51.13002311,4.574586069,68
Lier,51.13053054,4.57485151,68
Lier,51.1307847,4.57038628,68
Lier,51.13588009,4.56893159,68
Lier,51.14491694,4.575366489,68
Nieuwkerken-Waas,51.19327259,4.17858617,68
Sint-Niklaas,51.14943081,4.148835268,68
Sint-Niklaas,51.15334285,4.160058612,68
Sint-Niklaas,51.15598684,4.146580061,68
Sint-Niklaas,51.15860911,4.133781545,68
Sint-Niklaas,51.16160934,4.158383337,68
Sint-Niklaas,51.16400788,4.147546709,68
Sint-Niklaas,51.16435888,4.146769683,68
Sint-Niklaas,51.16443239,4.14223296,68
Sint-Niklaas,51.16523585,4.138073094,68
Sint-Niklaas,51.16790953,4.139509677,68
Sint-Niklaas,51.17211473,4.150002496,68
Sint-Niklaas,51.17486551,4.12068219,68
Sint-Niklaas,51.17644318,4.139181273,68
Sint-Niklaas,51.19023778,4.143581424,68
St Nicolas,51.17618746,4.138951194,68
Lier,51.12407067,4.550560145,69
Lier,51.13050202,4.56639188,69
Lier,51.13817934,4.559976322,69
Sint-Niklaas,51.15533517,4.148534469,69
Sint-Niklaas,51.16647105,4.140398796,69
Sint-Niklaas,51.18658842,4.203895838,69
Bekkerzeel,50.88499245,4.238275741,71
Kontich,51.12773088,4.472271152,72
Kontich,51.13011192,4.434673065,72
Kontich,51.13496513,4.44548676,72
Waarloos,51.10570354,4.454885631,73
Bredene-Bad,51.23514147,2.977563491,74
Bredene-Bad,51.24629411,2.961255646,74
Aartselaar,51.133622,4.38759313,76
Brasschaat,51.29006839,4.492233644,77
Brasschaat,51.303603,4.506349811,77
Maria-ter-Heide,51.31516637,4.501611307,77
Maria-ter-Heide,51.32310864,4.520645145,77
Brasschaat,51.30167112,4.471254266,78
Bredene,51.22320659,2.955387495,80
Meise,50.93399032,4.32780533,80
Meise,50.95654522,4.32702848,80
Duisburg,50.81583402,4.552589678,81
Hertsberge,51.10390747,3.272120467,81
Hertsberge,51.10518023,3.273552347,81
Oostkamp,51.16221409,3.262352706,81
Perk,50.93338786,4.497067366,81
Ruddervoorde,51.07716041,3.172573114,81
Steenokkerzeel,50.90290368,4.516983341,81
Steenokkerzeel,50.90985913,4.512207389,81
Tervuren,50.82365247,4.513714445,81
Tervuren,50.85656741,4.536757885,81
Vossem,50.83468732,4.558431459,81
Melsbroek,50.91689769,4.47581343,82
Oostkamp,51.15505066,3.235527403,82
Ruddervoorde,51.09577326,3.206149206,82
Waardamme,51.11174282,3.2216257,82
Mechelen,51.03312062,4.419101268,84
Oud-Heverlee,50.82199367,4.663606291,84
Oud-Heverlee,50.83046939,4.652785532,84
Oud-Heverlee,50.83833216,4.662453086,84
Linden,50.89584525,4.767534901,85
Lubbeek,50.88070427,4.843154494,85
Lubbeek,50.88123848,4.842182781,85
Lubbeek,50.88197112,4.85443911,85
Lubbeek,50.89675199,4.82503527,85
Sint-Genesius-Rode,50.74482176,4.345329352,86
Sint-Genesius-Rode,50.75633448,4.382134913,87
Antwerp,51.27714831,4.418557906,88
Boechout,51.15924306,4.492059389,88
Sint-Genesius-Rode,50.73876247,4.372596216,88
Sint-Genesius-Rode,50.73989092,4.394235194,88
Sint-Genesius-Rode,50.74351224,4.403048422,88
Zemst,50.99134394,4.49335544,88
Antwerp,51.27945496,4.409954764,89
Antwerp,51.28454525,4.429057456,89
Antwerp,51.29400026,4.439174494,89
Antwerp,51.29763804,4.409880135,89
Ostend,51.20087068,2.976373375,89
Rijmenam,51.02335634,4.580672624,90
Bonheiden,51.02271189,4.548065016,91
Bonheiden,51.03030898,4.539377195,91
Bonheiden,51.03559105,4.535848811,91
Mechelen,51.011091,4.514424522,91
Mechelen,51.01133098,4.514617075,91
Ostend,51.20618677,2.858479794,91
Ostend,51.2403904,2.940021059,91
Rijmenam,51.00099539,4.583623021,91
Brasschaat,51.28009211,4.453284628,92
Ostend,51.20183763,2.915018713,92
Ostend,51.20889715,2.888570545,92
Ostend,51.21137353,2.871968665,92
Ostend,51.21408063,2.933920923,92
Ostend,51.23119856,2.94393162,92
Mechelen,51.01522537,4.441761096,93
Ostend,51.21177161,2.900952414,93
Ostend,51.21452715,2.909984851,93
Ostend,51.21551454,2.883544333,93
Ostend,51.22124196,2.906033605,93
Ostend,51.22502274,2.91352049,93
Ostend,51.22961016,2.921247824,93
Ostend,51.22967404,2.920362818,93
Ostend,51.22975326,2.917769885,93
Ostend,51.2332774,2.919045788,93
Sint-Katelijne-Waver,51.05473698,4.544333311,93
Zaventem,50.86154459,4.512219024,93
Mechelen,51.01108238,4.503913449,94
Sint-Katelijne-Waver,51.07011536,4.532508391,94
Gontrode,50.98421601,3.798043283,95
Melle,51.00451549,3.803067622,95
Zedelgem,51.15968014,3.159173504,95
Oppem,50.82889224,4.504348737,96
Bruges,51.20925565,3.288371217,97
Bruges,51.21245962,3.287262878,97
Bruges,51.21301287,3.282014011,97
Bruges,51.24212943,3.248945727,97
Bruges,51.18789903,3.274839678,98
Sint-Katelijne-Waver,51.0599423,4.483911113,98
Bruges,51.18223977,3.190498943,99
Holsbeek,50.92115195,4.756361262,99
Holsbeek,50.92541408,4.807222553,99
Melle,51.0186276,3.76941672,99
Sint-Pieters-Rode,50.93266626,4.820573753,99
Bruges,51.17962222,3.220119097,100
Oppem,50.84214665,4.497587778,100
Oppem,50.8421845,4.482549658,101
Wezembeek,50.85339485,4.482050969,102
Sint-Katelijne-Waver,51.04060933,4.512737882,103
Bruges,51.19633993,3.181185504,104
Bruges,51.1966395,3.180175321,104
Zwijndrecht,51.2193936,4.326468894,104
Bruges,51.21936273,3.230596403,105
Bruges,51.22320484,3.194051901,105
Bruges,51.2294875,3.205464961,105
Holsbeek,50.9106263,4.720450849,105
Zemst,50.96164647,4.456336133,105
Zemst,50.99219651,4.416194565,105
Bruges,51.21910087,3.22199519,106
Bruges,51.22434409,3.205597899,106
Bruges,51.22443473,3.205021763,106
Bruges,51.22552202,3.232260301,106
Zemst,50.98408067,4.465066299,106
Bruges,51.18224581,3.235531266,107
Bruges,51.18836341,3.212001973,107
Bruges,51.19276484,3.194963658,107
Bruges,51.20812208,3.226669712,107
Bruges,51.2097682,3.235122276,107
Bruges,51.21144999,3.229225075,107
Bruges,51.21206698,3.232273131,107
Bruges,51.21236855,3.233714339,107
Bruges,51.21266004,3.224464786,107
Bruges,51.21293301,3.219226239,107
Bruges,51.21405199,3.250014319,107
Bruges,51.21437668,3.22973331,107
Bruges,51.21468503,3.234271533,107
Bruges,51.21479866,3.250338896,107
Bruges,51.21481087,3.226899268,107
Bruges,51.21536703,3.231380648,107
Bruges,51.21649425,3.221203723,107
Beersel,50.76695944,4.30760479,108
Bruges,51.19499148,3.251912242,108
Bruges,51.19507157,3.251598272,108
Bruges,51.19731546,3.212832257,108
Bruges,51.20160478,3.227603132,108
Bruges,51.20202994,3.249707119,108
Bruges,51.20464248,3.224450614,108
Bruges,51.20520443,3.232036951,108
Bruges,51.20550302,3.221570439,108
Bruges,51.20734285,3.220862302,108
Bruges,51.21044461,3.217540196,108
Bruges,51.21056314,3.220632073,108
Bruges,51.21464952,3.207997139,108
Bruges,51.220855,3.242448693,108
Bruges,51.19646697,3.236463415,109
Bruges,51.19977282,3.222036661,109
Bruges,51.20119834,3.223353341,109
Bruges,51.2016384,3.22693432,109
Bruges,51.20198265,3.204623902,109
Bruges,51.20244992,3.216190695,109
Bruges,51.20338601,3.215827747,109
Bruges,51.2037461,3.216486447,109
Bruges,51.20632941,3.214817079,109
Itterbeek,50.83133846,4.234035835,109
Mechelen,51.04193738,4.497127418,109
Itterbeek,50.83931045,4.250035864,112
Vlezenbeek,50.805401,4.233254291,112
Linkebeek,50.77190224,4.336046679,113
Mechelen,51.06611061,4.457515307,113
Machelen,50.91259376,4.435146946,114
Mechelen,51.040955,4.44381241,114
Mechelen,51.01271115,4.482863794,115
Mechelen,51.01862123,4.473184063,115
Mechelen,51.02236742,4.485425171,115
Mechelen,51.02312237,4.478856964,115
Mechelen,51.02539476,4.449598129,115
Mechelen,51.02587137,4.480964749,115
Mechelen,51.02640541,4.47266455,115
Mechelen,51.02887299,4.479037082,115
Mechelen,51.02931437,4.485344139,115
Mechelen,51.03046478,4.480965692,115
Mechelen,51.03185914,4.474369741,115
Mechelen,51.03186138,4.476396855,115
Mechelen,51.03298475,4.505796827,115
Mechelen,51.0384386,4.483111805,116
Mechelen,51.04347591,4.469541826,116
Mechelen,51.04653343,4.477473583,116
Grimbergen,50.93347398,4.37133585,122
Grimbergen,50.94722384,4.411901541,123
Grimbergen,50.92387494,4.399235648,126
Grimbergen,50.92826058,4.41069803,126
Burcht,51.20126803,4.345575413,127
Bierbeek,50.827472,4.759744224,131
Bierbeek,50.83501493,4.793160766,131
Lovenjoel,50.85379341,4.782288506,131
Lovenjoel,50.85490094,4.776852218,131
Opvelp,50.80910735,4.794340983,131
Bierbeek,50.85341121,4.750110779,132
Korbeek-Lo,50.85955835,4.763185868,132
Ruisbroek,50.79016501,4.298223154,133
Nossegem,50.88116699,4.502753658,134
Edegem,51.15634056,4.450712601,135
Edegem,51.15639998,4.443840189,135
Edegem,51.15680387,4.427607214,136
Ghent,51.00092556,3.716493755,136
Edegem,51.16656593,4.427306663,137
Zaventem,50.88134383,4.473526138,137
Zaventem,50.88788846,4.470250958,137
Zwijnaarde,51.00124481,3.716242736,138
Groot-Bijgaarden,50.87139585,4.26490222,139
Kraainem,50.83182209,4.471482377,140
Ghent,51.02113174,3.698632455,143
Kraainem,50.86232134,4.466342301,145
Kraainem,50.86418624,4.463589102,145
Wijnegem,51.22269113,4.545394818,146
Ghent,51.10069884,3.764332479,148
Ghent,51.08287769,3.763545967,150
Relegem,50.90023591,4.280371951,153
Zellik,50.886357,4.262797484,153
Diegem,50.8938839,4.435834135,156
Diegem,50.89484692,4.454438221,158
Zellik,50.88338315,4.276479858,158
Winksele,50.89816603,4.643938842,160
Veltem,50.90134962,4.624474031,161
Veltem,50.90302743,4.613595789,161
Veltem-Beisem,50.9019179,4.625553712,161
Winksele,50.92792938,4.637023048,161
Kampenhout,50.93714516,4.617541248,163
Groot-Bijgaarden,50.87403071,4.285043723,164
Herent,50.90716712,4.674098479,165
Leuven,50.92863695,4.724137292,167
Herent,50.90652936,4.681168915,172
Leuven,50.86098259,4.660177572,173
Wommelgem,51.20431307,4.523422091,173
Wommelgem,51.20544401,4.524545382,173
Wommelgem,51.21337443,4.52263271,173
Schoten,51.25066158,4.530627396,174
Schoten,51.25217883,4.51557198,175
Schoten,51.2646384,4.533139112,175
Wemmel,50.90961182,4.302408952,175
Schoten,51.24965768,4.49933727,176
Strombeek-Bever,50.9115894,4.368173902,176
Strombeek-Bever,50.91001105,4.355623167,177
Leuven,50.85125464,4.673954518,178
Schoten,51.25854127,4.484938481,178
Schoten,51.25048771,4.484290816,179
Schoten,51.27903445,4.518752076,179
Leuven,50.88432484,4.759925753,180
Wemmel,50.90067863,4.314942279,180
Ghent,51.02285197,3.670434968,182
Leuven,50.88376174,4.758336091,182
Ghent,51.03093901,3.668762094,183
Winksele,50.88455473,4.662897925,183
Ghent,51.02115042,3.670160679,184
Wommelgem,51.20631134,4.490115176,184
Ghent,51.03696925,3.61994752,189
Ghent,51.0760611,3.630289172,189
Leuven,50.87736801,4.753227262,189
Bottelare,50.96316551,3.755868237,190
Ghent,51.02246353,3.692560249,190
Lemberge,50.97951979,3.77225205,190
Leuven,50.85925787,4.686139812,190
Leuven,50.86280133,4.687771218,190
Melsen,50.95790791,3.693587705,190
Merelbeke,50.97865514,3.72675992,190
Merelbeke,50.98459409,3.722156295,190
Merelbeke,50.99457311,3.746419324,190
Munte,50.94511061,3.744600173,190
Schelderode,50.97135916,3.714940272,190
Leuven,50.87423875,4.672616145,191
Schoten,51.24531329,4.464211058,191
Ghent,51.049883,3.662125195,192
Leuven,50.86051822,4.707443074,192
Leuven,50.86398489,4.69309012,192
Leuven,50.87625601,4.678462538,192
Ghent,51.05005175,3.663363358,193
Leuven,50.86477727,4.717628983,193
Leuven,50.87215243,4.7138123,193
Leuven,50.8861356,4.74281741,194
Leuven,50.89178669,4.73613147,197
Leuven,50.8968818,4.703264755,197
Leuven,50.87001001,4.698551557,198
Leuven,50.87123203,4.723477558,198
Leuven,50.87138837,4.697479774,198
Leuven,50.87298402,4.697981043,198
Leuven,50.87317063,4.699705091,198
Leuven,50.87499978,4.704302456,198
Leuven,50.87523291,4.707540265,198
Leuven,50.87676644,4.705258819,198
Leuven,50.87688691,4.7111938,198
Leuven,50.87952613,4.701238905,198
Leuven,50.87597311,4.698383771,199
Leuven,50.8762801,4.701034524,199
Leuven,50.88053753,4.691153855,199
Leuven,50.88143694,4.688538643,199
Leuven,50.88391666,4.697558203,199
Leuven,50.88413514,4.699255853,199
Leuven,50.88437384,4.722157095,199
Leuven,50.88515692,4.720215051,199
Merelbeke,51.01746333,3.759453672,199
Leuven,50.88510733,4.709710203,201
Borsbeek,51.19310419,4.487440701,204
Borsbeek,51.1951121,4.475388704,209
Antwerp,51.17164816,4.338279584,210
Antwerp,51.1734281,4.366614573,211
Oudenaken,50.78097234,4.199283441,211
Sint-Laureins-Berchem,50.78803455,4.198053902,211
Vilvoorde,50.94955445,4.464425777,211
Antwerp,51.1771001,4.350791716,212
Peutie,50.92717963,4.455009954,212
Vilvoorde,50.92461693,4.412643192,212
Vilvoorde,50.9269466,4.42520163,212
Vilvoorde,50.92776414,4.429435724,212
Vilvoorde,50.93663612,4.434378617,212
Sint-Pieters-Leeuw,50.77916844,4.243449027,214
Sint-Pieters-Leeuw,50.79184479,4.277483028,215
Antwerp,51.18401742,4.367757718,216
Vilvoorde,50.90635317,4.380654329,216
Sint-Pieters-Leeuw,50.79925803,4.283141093,218
Sint-Pieters-Leeuw,50.80458595,4.28453328,219
Ghent,51.08875942,3.712206187,222
Ghent,51.07250867,3.675787564,236
Destelbergen,51.05582985,3.799037791,242
Heusden,51.02803202,3.799291522,243
Mortsel,51.16455136,4.450532523,246
Mortsel,51.16545415,4.463348115,246
Mortsel,51.16752233,4.477721819,246
Mortsel,51.17047907,4.446794131,247
Ghent,51.07863648,3.713194639,248
Mortsel,51.1782387,4.453723619,250
Dilbeek,50.86437579,4.245919687,252
Sint-Martens-Bodegem,50.86231035,4.214189729,252
Sint-Ulriks-Kapelle,50.88005,4.218061558,253
Drogenbos,50.78691463,4.316574486,255
Dilbeek,50.84506639,4.262646947,258
Ghent,51.0722832,3.694602332,258
Antwerp,51.15325482,4.390392485,263
Antwerp,51.1536013,4.361377808,264
Antwerp,51.16857592,4.38769131,264
Zaventem,50.86948057,4.450553204,264
Antwerp,51.17648205,4.377947044,265
Antwerp,51.17045886,4.402969054,266
Dilbeek,50.84142964,4.279705061,267
Antwerp,51.17485842,4.417233066,271
Antwerp,51.17654836,4.412618321,271
Antwerp,51.17930938,4.39094794,271
Destelbergen,51.05626464,3.765339438,284
Ghent,51.07423336,3.779346461,289
Ghent,51.06516932,3.770462068,302
Ghent,51.03190078,3.763162583,306
Ghent,51.07578339,3.751869477,307
Ghent,51.06763466,3.76158663,311
Ghent,51.08724788,3.727811858,318
Ghent,51.0227006,3.701487842,320
Ghent,51.04490323,3.759402996,322
Ghent,51.06296254,3.749788693,322
Ghent,51.06262099,3.748772135,323
Ghent,51.0569538,3.747730529,325
Antwerp,51.22522579,4.381006634,326
Ghent,51.05402209,3.749637561,327
Ghent,51.05671939,3.746635045,327
Antwerp,51.21853274,4.381576442,331
Ghent,51.03723565,3.742854307,331
Ghent,51.04247782,3.74505935,331
Ghent,51.07644338,3.72268103,331
Ghent,51.02302294,3.71903338,335
Ghent,51.07716093,3.730563989,337
Ghent,51.02959274,3.716486772,339
Ghent,51.03366073,3.706429483,340
Ghent,51.06330122,3.692138247,340
Ghent,51.06860595,3.709144927,341
Ghent,51.06697838,3.703663983,342
Ghent,51.06940932,3.731723001,342
Ghent,51.04471615,3.698152652,343
Ghent,51.05887434,3.703699707,343
Ghent,51.0629447,3.710605171,343
Ghent,51.06637863,3.72175098,343
Antwerp,51.2262346,4.391424421,344
Ghent,51.034317,3.726666633,344
Ghent,51.04597408,3.739833258,344
Ghent,51.06381702,3.729788626,344
Ghent,51.03924306,3.713173909,345
Ghent,51.04778486,3.712951356,345
Ghent,51.04803865,3.742356097,345
Ghent,51.05036483,3.703443208,345
Ghent,51.05434334,3.736487482,345
Ghent,51.05701648,3.712307742,345
Ghent,51.05737184,3.714557373,345
Ghent,51.0580912,3.71604148,345
Ghent,51.05924803,3.720392202,345
Ghent,51.05997387,3.717110695,345
Ghent,51.06266289,3.723753562,345
Ghent,51.04243255,3.727416366,346
Ghent,51.04404736,3.716968387,346
Ghent,51.04594117,3.736924846,346
Ghent,51.04595746,3.736327066,346
Ghent,51.05773123,3.714559698,346
Ghent,51.04308545,3.719740433,347
Ghent,51.04418233,3.724083951,347
Ghent,51.04812378,3.736176236,347
Ghent,51.0511517,3.714697138,347
Ghent,51.05350319,3.719796213,347
Ghent,51.05374402,3.727172395,347
Ghent,51.05409881,3.713911614,347
Ghent,51.0542709,3.727749125,347
Ghent,51.05654622,3.727652208,347
Ghent,51.057038,3.716592937,347
Ghent,51.0575934,3.728688709,347
Ghent,51.048799,3.735018042,348
Ghent,51.04895844,3.724352196,348
Ghent,51.05299579,3.727199683,348
Ghent,51.05354518,3.711897535,348
Ghent,51.05396769,3.722955552,348
Antwerp,51.24366965,4.385266068,394
Antwerp,51.25383258,4.460244492,397
Antwerp,51.25556651,4.444785071,398
Antwerp,51.25102874,4.421159483,399
Antwerp,51.24613012,4.450173612,404
Antwerp,51.24824216,4.432862357,408
Antwerp,51.2415758,4.440458077,421
Antwerp,51.18813396,4.382976412,453
Antwerp,51.18712064,4.391469427,455
Antwerp,51.19299686,4.379620139,460
Antwerp,51.2226294,4.480430223,463
Antwerp,51.1771979,4.422814397,466
Antwerp,51.20793347,4.474009391,466
Antwerp,51.22918559,4.47787872,467
Antwerp,51.22350573,4.469772015,468
Antwerp,51.20501,4.465062639,470
Antwerp,51.1966223,4.45998718,472
Antwerp,51.23022224,4.459647158,478
Antwerp,51.22239157,4.460576221,480
Antwerp,51.22091072,4.454928453,485
Antwerp,51.23309144,4.449895524,491
Antwerp,51.23020077,4.448404148,495
Antwerp,51.2164812,4.397969838,496
Antwerp,51.22032067,4.401294395,496
Antwerp,51.22392239,4.401346471,496
Antwerp,51.22033251,4.403685795,497
Antwerp,51.22097723,4.404705978,498
Antwerp,51.21368082,4.403243522,499
Antwerp,51.22174919,4.407413114,500
Antwerp,51.21262023,4.404722072,501
Antwerp,51.22013181,4.410574211,503
Antwerp,51.21043024,4.396004201,504
Antwerp,51.2236224,4.412219136,507
Antwerp,51.17778398,4.436167468,509
Antwerp,51.22295724,4.414514329,509
Antwerp,51.22161862,4.414649073,510
Antwerp,51.17970814,4.428578906,511
Antwerp,51.22520297,4.413007251,511
Antwerp,51.18668616,4.426231615,515
Antwerp,51.20520074,4.393356421,515
Antwerp,51.18829291,4.435374035,517
Antwerp,51.23177905,4.4281696,522
Antwerp,51.22631686,4.423659622,523
Antwerp,51.19471969,4.442751806,524
Antwerp,51.20925194,4.409604975,524
Antwerp,51.20580481,4.410730328,526
Antwerp,51.22089878,4.42228923,527
Antwerp,51.1957278,4.451564824,528
Antwerp,51.19948653,4.394946057,530
Antwerp,51.19273603,4.420993727,531
Antwerp,51.22533567,4.43527381,531
Antwerp,51.21966737,4.432286918,532
Antwerp,51.22336531,4.438563218,533
Antwerp,51.198659,4.403265552,534
Antwerp,51.2068747,4.431036819,534
Antwerp,51.20983038,4.452842367,535
Antwerp,51.21420578,4.425388585,535
Antwerp,51.19399575,4.410125593,536
Antwerp,51.20271519,4.443659589,539
Antwerp,51.21317806,4.451508368,539
Antwerp,51.19908499,4.424140125,542
Antwerp,51.21088502,4.433730383,546
Antwerp,51.21529614,4.44180881,546
Antwerp,51.19707989,4.411547693,547
Antwerp,51.21642159,4.434120929,547
Antwerp,51.22080455,4.441732192,552
Haren,50.87331223,4.430146007,605
